"","ID","Description","setSize","enrichmentScore","NES","pvalue","p.adjust","qvalue","rank","leading_edge","core_enrichment"
"GO:0046434","GO:0046434","organophosphate catabolic process",63,-0.676510700999732,-2.65008190948932,1e-10,2.584e-08,2.02947368421053e-08,545,"tags=44%, list=9%, signal=41%","YJR009C/YER005W/YDR050C/YDL021W/YBR242W/YGR240C/YPL206C/YPL110C/YGL101W/YOR347C/YLR446W/YKR031C/YBR196C/YHR046C/YGR254W/YOL056W/YHR202W/YOR344C/YKL152C/YPL075W/YKL060C/YOL136C/YAL038W/YCR068W/YGL253W/YHR174W/YCR012W/YJL052W"
"GO:0032787","GO:0032787","monocarboxylic acid metabolic process",174,-0.520911234962723,-2.404947974673,1e-10,2.584e-08,2.02947368421053e-08,715,"tags=34%, list=12%, signal=31%","YOR388C/YOR040W/YEL020C/YER061C/YKL055C/YPR128C/YGR256W/YDL015C/YJR009C/YMR207C/YIR023W/YDR050C/YER010C/YDL021W/YKR009C/YGR240C/YNR016C/YJR019C/YIL009W/YML054C/YOR347C/YMR272C/YOR363C/YLR446W/YLR044C/YOR100C/YBR196C/YIR033W/YLR153C/YGR254W/YOL056W/YOR344C/YPL231W/YOR391C/YKL152C/YPL075W/YKL060C/YGL205W/YKL182W/YOL136C/YLR134W/YJL196C/YHR183W/YIR031C/YAL038W/YMR170C/YHR067W/YLR231C/YOL002C/YCL018W/YMR246W/YGL253W/YHR174W/YFR055W/YPL095C/YCR012W/YGL055W/YJL052W/YPL280W/YEL071W"
"GO:0032543","GO:0032543","mitochondrial translation",135,0.594909055951104,2.3850741145206,1e-10,2.584e-08,2.02947368421053e-08,1361,"tags=54%, list=23%, signal=43%","YKL138C/YNR022C/YDR405W/YML009C/YMR188C/YLR439W/YGR076C/YMR193W/YDL045W-A/YML129C/YDL202W/YER050C/YOL027C/YJL102W/YJL096W/YLR204W/YJR113C/YPL013C/YBR120C/YNL122C/YCR003W/YPR166C/YMR158W/YBL038W/YBR268W/YGR215W/YPL118W/YJL062W-A/YKR085C/YOR158W/YBR282W/YMR286W/YNL252C/YNR037C/YJL063C/YCR071C/YIL051C/YKL003C/YPR100W/YGR084C/YOL114C/YBR122C/YCR046C/YHR038W/YNL081C/YDR462W/YMR225C/YDR197W/YJR101W/YHR059W/YLR312W-A/YMR097C/YDR194C/YDR237W/YNR036C/YNL185C/YDR116C/YDR336W/YDR041W/YDR337W/YOR187W/YHR147C/YDR494W/YLR203C/YJL131C/YGR222W/YKL170W/YPR047W/YBR185C/YBR251W/YPL173W/YGL068W/YBL090W"
"GO:0006629","GO:0006629","lipid metabolic process",355,-0.438806218378129,-2.17702970263614,1e-10,2.584e-08,2.02947368421053e-08,1184,"tags=39%, list=20%, signal=33%","YBL039C/YGR007W/YML008C/YDR434W/YOR081C/YOR221C/YJL062W/YPL175W/YBR026C/YDL109C/YHL003C/YNL128W/YOL065C/YLR284C/YNL054W/YPL076W/YML126C/YLR305C/YDR017C/YDR287W/YNL009W/YBR222C/YLL012W/YER125W/YIL039W/YDR437W/YLR386W/YNR019W/YDR147W/YIL002C/YPL221W/YKL051W/YBR041W/YLR088W/YDR072C/YOR149C/YGR046W/YBR042C/YLR459W/YBR265W/YPL031C/YJL153C/YFL025C/YMR220W/YHR190W/YLR228C/YOR109W/YJR107W/YNL202W/YGR038W/YLL031C/YJL083W/YLR240W/YPL103C/YDR284C/YNL087W/YOR171C/YNL169C/YAL053W/YLR133W/YEL020C/YLR347C/YER061C/YCR044C/YKL055C/YPR128C/YNL280C/YMR013C/YDL015C/YNL264C/YCL052C/YGR233C/YAL009W/YMR207C/YKR019C/YER005W/YHR001W/YKL212W/YGL142C/YHR123W/YGL144C/YDL237W/YMR208W/YKR009C/YBR029C/YNR016C/YPL206C/YHR205W/YPL110C/YJR019C/YGL012W/YCR048W/YIL009W/YGR149W/YMR202W/YMR272C/YOR363C/YKL008C/YLR450W/YJR066W/YGR143W/YOR093C/YNL130C/YKR031C/YOR100C/YCR017C/YIR033W/YHR046C/YLR100W/YGL139W/YHR072W/YER043C/YPR147C/YPL231W/YKR070W/YDR123C/YPL006W/YPL028W/YGR036C/YNR043W/YGL205W/YKL182W/YJL196C/YHR007C/YGL001C/YGR157W/YGR175C/YLR056W/YNL111C/YHR067W/YML075C/YCR068W/YOL002C/YGR060W/YMR246W/YMR015C/YPL095C/YGL055W"
"GO:0008610","GO:0008610","lipid biosynthetic process",234,-0.462210477612145,-2.17139592734774,1e-10,2.584e-08,2.02947368421053e-08,1184,"tags=41%, list=20%, signal=34%","YBL039C/YGR007W/YML008C/YDR434W/YOR221C/YJL062W/YPL175W/YBR026C/YHL003C/YNL054W/YPL076W/YML126C/YLR305C/YDR017C/YDR287W/YER125W/YIL039W/YDR437W/YLR386W/YDR147W/YIL002C/YPL221W/YLR088W/YDR072C/YOR149C/YGR046W/YBR042C/YLR459W/YBR265W/YPL031C/YJL153C/YFL025C/YMR220W/YHR190W/YLR228C/YOR109W/YGR038W/YLL031C/YLR240W/YOR171C/YNL169C/YAL053W/YLR133W/YLR347C/YER061C/YCR044C/YKL055C/YNL280C/YMR013C/YDL015C/YNL264C/YCL052C/YAL009W/YMR207C/YGL142C/YHR123W/YMR208W/YBR029C/YNR016C/YHR205W/YGL012W/YGR149W/YMR202W/YMR272C/YKL008C/YLR450W/YJR066W/YGR143W/YNL130C/YKR031C/YCR017C/YIR033W/YHR046C/YLR100W/YGL139W/YHR072W/YER043C/YPL231W/YKR070W/YDR123C/YPL028W/YGR036C/YNR043W/YKL182W/YJL196C/YHR007C/YGL001C/YGR157W/YGR175C/YLR056W/YNL111C/YHR067W/YML075C/YGR060W/YMR015C/YPL095C/YGL055W"
"GO:0072523","GO:0072523","purine-containing compound catabolic process",46,-0.729963291950179,-2.68879224089846,1.34736033756304e-10,2.90131592688575e-08,2.27869362352767e-08,545,"tags=52%, list=9%, signal=48%","YJR009C/YDR050C/YDL021W/YGR240C/YOR347C/YLR446W/YBR196C/YGR254W/YOL056W/YER043C/YHR202W/YOR344C/YKL152C/YPL075W/YKL060C/YOL136C/YIR027C/YNL141W/YDL238C/YAL038W/YGL253W/YHR174W/YCR012W/YJL052W"
"GO:0009132","GO:0009132","nucleoside diphosphate metabolic process",38,-0.764857406038291,-2.71671610635265,3.99907665103699e-10,6.00101978465214e-08,4.7132011344343e-08,545,"tags=53%, list=9%, signal=48%","YJR009C/YER005W/YDR050C/YDL021W/YGR240C/YOR347C/YLR446W/YBR196C/YGR254W/YOL056W/YOR344C/YKL152C/YPL075W/YKL060C/YOL136C/YAL038W/YGL253W/YHR174W/YCR012W/YJL052W"
"GO:0009185","GO:0009185","ribonucleoside diphosphate metabolic process",35,-0.779215626622426,-2.71368272856507,4.57474538509552e-10,6.00101978465214e-08,4.7132011344343e-08,545,"tags=57%, list=9%, signal=52%","YJR009C/YER005W/YDR050C/YDL021W/YGR240C/YOR347C/YLR446W/YBR196C/YGR254W/YOL056W/YOR344C/YKL152C/YPL075W/YKL060C/YOL136C/YAL038W/YGL253W/YHR174W/YCR012W/YJL052W"
"GO:0006412","GO:0006412","translation",463,0.412411044987686,1.88697333069177,4.64475215530351e-10,6.00101978465214e-08,4.7132011344343e-08,1615,"tags=41%, list=27%, signal=33%","YNCL0027W/YDR432W/YKL138C/YDL184C/YNR022C/YDR405W/YNL007C/YNCL0018W/YBR101C/YML009C/YMR188C/YGR169C-A/YFR032C-A/YOR182C/YNL014W/YLR439W/YGR076C/YMR193W/YDL045W-A/YJR094W-A/YML129C/YER131W/YDL202W/YKL204W/YER050C/YML091C/YLR262C-A/YMR194W/YOL027C/YJL102W/YPR043W/YPL009C/YLR388W/YJL096W/YLR204W/YJR113C/YJL136C/YPL013C/YDR447C/YBR120C/YNL122C/YLR192C/YDL133C-A/YJR014W/YGL222C/YCR003W/YPR166C/YDR500C/YMR158W/YBL038W/YFR001W/YBR268W/YJL189W/YJR047C/YGR215W/YGR285C/YGR148C/YPR129W/YPL118W/YDL130W/YDR515W/YJL190C/YDR429C/YJL062W-A/YKR085C/YDL075W/YOR158W/YBR282W/YMR286W/YNL252C/YLR287C-A/YPL237W/YNCL0014C/YMR121C/YNR037C/YMR230W/YLR185W/YHL034C/YJL063C/YDL213C/YPL249C-A/YCR071C/YGR083C/YJL140W/YIL051C/YGL147C/YPL048W/YKL003C/YPR100W/YGR084C/YLR325C/YAL005C/YIL052C/YHR015W/YOL114C/YNL244C/YBR122C/YLL018C/YCR046C/YHR038W/YBR189W/YNL081C/YGL189C/YLR167W/YGR185C/YDR462W/YER056C-A/YMR225C/YDL136W/YOL039W/YDR197W/YJR101W/YHR059W/YDL081C/YNL175C/YNL001W/YHR010W/YOR167C/YLR312W-A/YMR097C/YLR061W/YDR194C/YDR237W/YKR023W/YNR036C/YNL185C/YDR116C/YGL173C/YDR336W/YDR382W/YDR041W/YFR031C-A/YDR337W/YPL184C/YNL255C/YOR187W/YGL049C/YGL110C/YHR147C/YGL073W/YNCL0012C/YDR494W/YLR203C/YFL023W/YJL131C/YGR222W/YBL032W/YDR179C/YNL091W/YKL170W/YDR477W/YLR264W/YMR143W/YKR094C/YOR293W/YPR047W/YBR185C/YBR251W/YPL173W/YER074W/YGL068W/YLR027C/YGR085C/YAL035W/YBL090W/YDL061C/YKL006W/YHR141C/YDL191W/YLR075W/YDR115W/YLR340W/YML025C/YPR132W/YMR260C/YNL284C/YOL121C/YPL183W-A/YGR027C/YNL301C/YNL016W/YGR220C/YGL031C/YLL013C/YLR344W/YJR007W/YER176W/YNL302C/YNL005C/YDR064W/YPR041W/YIL137C"
"GO:0006793","GO:0006793","phosphorus metabolic process",495,-0.359805449903461,-1.83048461881481,4.52683958565204e-10,6.00101978465214e-08,4.7132011344343e-08,1251,"tags=35%, list=21%, signal=30%","YMR323W/YJL167W/YGR061C/YPL019C/YDR020C/YOR311C/YCL004W/YBR093C/YLR359W/YJR156C/YBL039C/YNL333W/YGR007W/YJR133W/YDR434W/YJL062W/YPL175W/YBR221C/YDR103W/YNL128W/YOL065C/YNL054W/YPL076W/YML126C/YLR305C/YOL059W/YDR017C/YFR047C/YDR287W/YOR393W/YOR336W/YNL009W/YDR109C/YER125W/YIL039W/YDR437W/YOR270C/YFL004W/YBL056W/YLR386W/YDR147W/YIL002C/YPR021C/YLR088W/YDR072C/YOR149C/YGR046W/YBR042C/YLR459W/YMR120C/YPL031C/YJL153C/YFL025C/YDR399W/YMR220W/YGR244C/YMR205C/YHR190W/YOR109W/YAR015W/YJR051W/YOR371C/YBR145W/YMR096W/YLL031C/YMR315W/YDL073W/YLR240W/YPL103C/YER099C/YDR284C/YEL041W/YNL087W/YLR410W/YNL169C/YDR400W/YHR074W/YOR090C/YDR315C/YEL029C/YLR133W/YGR123C/YHL011C/YLR347C/YBR127C/YCR044C/YCL047C/YGR256W/YJL012C/YMR013C/YMR271C/YGR010W/YNL264C/YOL055C/YCL052C/YJR009C/YJR105W/YGR233C/YPR073C/YAL009W/YMR207C/YER005W/YDR050C/YKL212W/YPL150W/YGL142C/YDL021W/YHR123W/YBR242W/YMR208W/YGR240C/YBR029C/YNR016C/YPL206C/YJR078W/YPL110C/YML070W/YJR019C/YDL085W/YIL009W/YGR149W/YGL101W/YOR347C/YMR272C/YOL061W/YLR450W/YOR283W/YCR037C/YJR066W/YLR014C/YLR446W/YNL130C/YKR031C/YCR017C/YBR196C/YLR153C/YHR046C/YKL181W/YOL086C/YNR012W/YML051W/YGR254W/YOL056W/YER043C/YHR202W/YAL040C/YOR344C/YKR070W/YDR123C/YCR026C/YFL053W/YKL152C/YNR043W/YPL075W/YDR089W/YKL060C/YNL129W/YML123C/YMR303C/YOL136C/YGR052W/YGR157W/YHR183W/YNL141W/YAL038W/YML075C/YCR068W/YLR231C/YMR246W/YGL253W/YHR174W/YJL116C/YCR012W/YJL052W"
"GO:0019364","GO:0019364","pyridine nucleotide catabolic process",32,-0.788834739272807,-2.65621565870415,6.07647845473326e-10,6.54234180292948e-08,5.13835546523058e-08,545,"tags=62%, list=9%, signal=57%","YJR009C/YDR050C/YDL021W/YGR240C/YOR347C/YLR446W/YBR196C/YGR254W/YOL056W/YHR202W/YOR344C/YKL152C/YPL075W/YKL060C/YOL136C/YAL038W/YGL253W/YHR174W/YCR012W/YJL052W"
"GO:0007005","GO:0007005","mitochondrion organization",205,0.504708084972878,2.14398927042141,5.61959471287485e-10,6.54234180292948e-08,5.13835546523058e-08,1310,"tags=43%, list=22%, signal=35%","YDL059C/YLL009C/YDR258C/YJR120W/YDR529C/YLR218C/YHL021C/YDR379C-A/YDR079W/YMR002W/YML081C-A/YHR005C-A/YOR045W/YIR024C/YEL020W-A/YPL189C-A/YFR004W/YIL065C/YCL057C-A/YNL070W/YFL016C/YML129C/YLR099W-A/YBR269C/YDR511W/YML091C/YOL027C/YJL102W/YEL059C-A/YDR231C/YJR034W/YDR296W/YKR016W/YDR512C/YBL059C-A/YKL137W/YFR011C/YBR091C/YJR135W-A/YDR322C-A/YBR120C/YIL098C/YER154W/YNL055C/YPL063W/YNL121C/YJL062W-A/YBR262C/YIR021W/YLR295C/YPR133W-A/YPR020W/YMR072W/YPR100W/YBR024W/YDR219C/YPL098C/YER058W/YLR259C/YLR059C/YKL053C-A/YLR168C/YGR181W/YIL156W-B/YDR493W/YGL219C/YNL138W/YMR244C-A/YEL012W/YDL126C/YMR012W/YML030W/YGL191W/YPR140W/YJL180C/YDR381C-A/YFL046W/YNR018W/YLR203C/YOL026C/YJL127C-B/YDR393W/YJR080C/YJR144W/YGR235C/YJR118C/YLL001W/YBR185C"
"GO:0006796","GO:0006796","phosphate-containing compound metabolic process",482,-0.353097923063966,-1.78375169505127,6.7321587607523e-10,6.69073009145537e-08,5.25489963187467e-08,1251,"tags=35%, list=21%, signal=30%","YMR323W/YJL167W/YGR061C/YDR020C/YOR311C/YCL004W/YBR093C/YLR359W/YJR156C/YBL039C/YNL333W/YGR007W/YJR133W/YDR434W/YJL062W/YPL175W/YBR221C/YDR103W/YNL128W/YOL065C/YNL054W/YPL076W/YML126C/YLR305C/YOL059W/YDR017C/YFR047C/YDR287W/YOR393W/YOR336W/YNL009W/YDR109C/YER125W/YIL039W/YDR437W/YBL056W/YLR386W/YDR147W/YIL002C/YPR021C/YLR088W/YDR072C/YOR149C/YGR046W/YBR042C/YLR459W/YMR120C/YPL031C/YJL153C/YFL025C/YDR399W/YMR220W/YGR244C/YMR205C/YHR190W/YOR109W/YAR015W/YJR051W/YOR371C/YBR145W/YMR096W/YLL031C/YMR315W/YDL073W/YLR240W/YPL103C/YER099C/YDR284C/YEL041W/YNL087W/YLR410W/YNL169C/YDR400W/YHR074W/YOR090C/YDR315C/YEL029C/YLR133W/YGR123C/YHL011C/YLR347C/YBR127C/YCR044C/YCL047C/YGR256W/YMR013C/YMR271C/YGR010W/YNL264C/YOL055C/YCL052C/YJR009C/YJR105W/YGR233C/YPR073C/YAL009W/YMR207C/YER005W/YDR050C/YKL212W/YPL150W/YGL142C/YDL021W/YHR123W/YBR242W/YMR208W/YGR240C/YBR029C/YNR016C/YPL206C/YJR078W/YPL110C/YML070W/YJR019C/YDL085W/YIL009W/YGR149W/YGL101W/YOR347C/YMR272C/YOL061W/YLR450W/YOR283W/YJR066W/YLR014C/YLR446W/YNL130C/YKR031C/YCR017C/YBR196C/YLR153C/YHR046C/YKL181W/YOL086C/YNR012W/YML051W/YGR254W/YOL056W/YER043C/YHR202W/YAL040C/YOR344C/YKR070W/YDR123C/YCR026C/YFL053W/YKL152C/YNR043W/YPL075W/YKL060C/YNL129W/YMR303C/YOL136C/YGR052W/YGR157W/YHR183W/YNL141W/YAL038W/YML075C/YCR068W/YLR231C/YMR246W/YGL253W/YHR174W/YJL116C/YCR012W/YJL052W"
"GO:0009134","GO:0009134","nucleoside diphosphate catabolic process",32,-0.78550525772766,-2.64500441181644,8.22107401516677e-10,7.58687687685391e-08,5.95873334633141e-08,545,"tags=62%, list=9%, signal=57%","YJR009C/YER005W/YDR050C/YDL021W/YGR240C/YOR347C/YLR446W/YBR196C/YGR254W/YOL056W/YOR344C/YKL152C/YPL075W/YKL060C/YOL136C/YAL038W/YGL253W/YHR174W/YCR012W/YJL052W"
"GO:1901292","GO:1901292","nucleoside phosphate catabolic process",47,-0.711905018118098,-2.63769940455593,8.82464877241914e-10,7.60096414264369e-08,5.96979748534179e-08,545,"tags=49%, list=9%, signal=45%","YJR009C/YER005W/YDR050C/YDL021W/YBR242W/YGR240C/YGL101W/YOR347C/YLR446W/YBR196C/YGR254W/YOL056W/YHR202W/YOR344C/YKL152C/YPL075W/YKL060C/YOL136C/YAL038W/YGL253W/YHR174W/YCR012W/YJL052W"
"GO:0009191","GO:0009191","ribonucleoside diphosphate catabolic process",31,-0.793878669202565,-2.64879582629244,1.18845587543636e-09,9.59678119414863e-08,7.53731226263588e-08,545,"tags=65%, list=9%, signal=59%","YJR009C/YER005W/YDR050C/YDL021W/YGR240C/YOR347C/YLR446W/YBR196C/YGR254W/YOL056W/YOR344C/YKL152C/YPL075W/YKL060C/YOL136C/YAL038W/YGL253W/YHR174W/YCR012W/YJL052W"
"GO:0009261","GO:0009261","ribonucleotide catabolic process",33,-0.780972747518717,-2.65224689505395,1.8135730460921e-09,1.30174243086166e-07,1.02238854762151e-07,545,"tags=61%, list=9%, signal=55%","YJR009C/YER005W/YDR050C/YDL021W/YGR240C/YOR347C/YLR446W/YBR196C/YGR254W/YOL056W/YOR344C/YKL152C/YPL075W/YKL060C/YOL136C/YAL038W/YGL253W/YHR174W/YCR012W/YJL052W"
"GO:0046031","GO:0046031","ADP metabolic process",32,-0.779376489187853,-2.62436722362793,1.73443669873783e-09,1.30174243086166e-07,1.02238854762151e-07,545,"tags=59%, list=9%, signal=54%","YJR009C/YDR050C/YDL021W/YGR240C/YOR347C/YLR446W/YBR196C/YGR254W/YOL056W/YOR344C/YKL152C/YPL075W/YKL060C/YOL136C/YAL038W/YGL253W/YHR174W/YCR012W/YJL052W"
"GO:0009154","GO:0009154","purine ribonucleotide catabolic process",32,-0.777586133992863,-2.61833862312796,2.24838733657406e-09,1.52890338887036e-07,1.20080077144454e-07,545,"tags=59%, list=9%, signal=54%","YJR009C/YDR050C/YDL021W/YGR240C/YOR347C/YLR446W/YBR196C/YGR254W/YOL056W/YOR344C/YKL152C/YPL075W/YKL060C/YOL136C/YAL038W/YGL253W/YHR174W/YCR012W/YJL052W"
"GO:0009135","GO:0009135","purine nucleoside diphosphate metabolic process",33,-0.77801856799901,-2.64221426141408,2.66762390976611e-09,1.6412238530561e-07,1.28901726767646e-07,545,"tags=58%, list=9%, signal=53%","YJR009C/YDR050C/YDL021W/YGR240C/YOR347C/YLR446W/YBR196C/YGR254W/YOL056W/YOR344C/YKL152C/YPL075W/YKL060C/YOL136C/YAL038W/YGL253W/YHR174W/YCR012W/YJL052W"
"GO:0009179","GO:0009179","purine ribonucleoside diphosphate metabolic process",33,-0.77801856799901,-2.64221426141408,2.66762390976611e-09,1.6412238530561e-07,1.28901726767646e-07,545,"tags=58%, list=9%, signal=53%","YJR009C/YDR050C/YDL021W/YGR240C/YOR347C/YLR446W/YBR196C/YGR254W/YOL056W/YOR344C/YKL152C/YPL075W/YKL060C/YOL136C/YAL038W/YGL253W/YHR174W/YCR012W/YJL052W"
"GO:0006096","GO:0006096","glycolytic process",30,-0.790769589135517,-2.62257380198613,5.36159402808905e-09,2.6642998016504e-07,2.09254115104366e-07,545,"tags=63%, list=9%, signal=58%","YJR009C/YDR050C/YDL021W/YGR240C/YOR347C/YLR446W/YBR196C/YGR254W/YOL056W/YOR344C/YKL152C/YPL075W/YKL060C/YOL136C/YAL038W/YGL253W/YHR174W/YCR012W/YJL052W"
"GO:0009137","GO:0009137","purine nucleoside diphosphate catabolic process",30,-0.790769589135517,-2.62257380198613,5.36159402808905e-09,2.6642998016504e-07,2.09254115104366e-07,545,"tags=63%, list=9%, signal=58%","YJR009C/YDR050C/YDL021W/YGR240C/YOR347C/YLR446W/YBR196C/YGR254W/YOL056W/YOR344C/YKL152C/YPL075W/YKL060C/YOL136C/YAL038W/YGL253W/YHR174W/YCR012W/YJL052W"
"GO:0009181","GO:0009181","purine ribonucleoside diphosphate catabolic process",30,-0.790769589135517,-2.62257380198613,5.36159402808905e-09,2.6642998016504e-07,2.09254115104366e-07,545,"tags=63%, list=9%, signal=58%","YJR009C/YDR050C/YDL021W/YGR240C/YOR347C/YLR446W/YBR196C/YGR254W/YOL056W/YOR344C/YKL152C/YPL075W/YKL060C/YOL136C/YAL038W/YGL253W/YHR174W/YCR012W/YJL052W"
"GO:0046032","GO:0046032","ADP catabolic process",30,-0.790769589135517,-2.62257380198613,5.36159402808905e-09,2.6642998016504e-07,2.09254115104366e-07,545,"tags=63%, list=9%, signal=58%","YJR009C/YDR050C/YDL021W/YGR240C/YOR347C/YLR446W/YBR196C/YGR254W/YOL056W/YOR344C/YKL152C/YPL075W/YKL060C/YOL136C/YAL038W/YGL253W/YHR174W/YCR012W/YJL052W"
"GO:0019637","GO:0019637","organophosphate metabolic process",418,-0.367429397395334,-1.84968560537646,4.94843425724635e-09,2.6642998016504e-07,2.09254115104366e-07,1251,"tags=36%, list=21%, signal=30%","YMR323W/YJL167W/YGR061C/YDR020C/YOR311C/YCL004W/YLR359W/YJR156C/YBL039C/YNL333W/YGR007W/YJR133W/YDR434W/YJL062W/YPL175W/YBR221C/YNL128W/YOL065C/YNL054W/YPL076W/YML126C/YLR305C/YOL059W/YDR017C/YFR047C/YDR287W/YOR393W/YOR336W/YNL009W/YIL039W/YDR437W/YLR386W/YDR147W/YIL002C/YPR021C/YLR088W/YDR072C/YOR149C/YGR046W/YBR042C/YLR459W/YMR120C/YPL031C/YJL153C/YFL025C/YDR399W/YMR220W/YGR244C/YMR205C/YHR190W/YOR109W/YAR015W/YJR051W/YBR145W/YMR096W/YLL031C/YMR315W/YLR240W/YPL103C/YER099C/YDR284C/YEL041W/YNL087W/YLR410W/YNL169C/YDR400W/YHR074W/YDR315C/YEL029C/YLR133W/YHL011C/YLR347C/YBR127C/YCR044C/YCL047C/YGR256W/YMR013C/YMR271C/YGR010W/YNL264C/YOL055C/YCL052C/YJR009C/YJR105W/YAL009W/YMR207C/YER005W/YDR050C/YKL212W/YGL142C/YDL021W/YHR123W/YBR242W/YMR208W/YGR240C/YBR029C/YNR016C/YPL206C/YJR078W/YPL110C/YML070W/YJR019C/YDL085W/YIL009W/YGR149W/YGL101W/YOR347C/YMR272C/YOL061W/YLR450W/YLR014C/YLR446W/YNL130C/YKR031C/YCR017C/YBR196C/YLR153C/YHR046C/YKL181W/YOL086C/YNR012W/YGR254W/YOL056W/YER043C/YHR202W/YOR344C/YKR070W/YDR123C/YCR026C/YFL053W/YKL152C/YNR043W/YPL075W/YKL060C/YNL129W/YMR303C/YOL136C/YGR157W/YHR183W/YNL141W/YAL038W/YML075C/YCR068W/YLR231C/YMR246W/YGL253W/YHR174W/YJL116C/YCR012W/YJL052W"
"GO:0006195","GO:0006195","purine nucleotide catabolic process",35,-0.756431607365888,-2.63433550113361,6.55787950418584e-09,3.13806678496596e-07,2.4646377551794e-07,545,"tags=57%, list=9%, signal=52%","YJR009C/YDR050C/YDL021W/YGR240C/YOR347C/YLR446W/YBR196C/YGR254W/YOL056W/YHR202W/YOR344C/YKL152C/YPL075W/YKL060C/YOL136C/YAL038W/YGL253W/YHR174W/YCR012W/YJL052W"
"GO:0009166","GO:0009166","nucleotide catabolic process",39,-0.741404728396825,-2.63300327276464,7.85285654490071e-09,3.62353237714704e-07,2.84592244709936e-07,545,"tags=54%, list=9%, signal=49%","YJR009C/YER005W/YDR050C/YDL021W/YGR240C/YOR347C/YLR446W/YBR196C/YGR254W/YOL056W/YHR202W/YOR344C/YKL152C/YPL075W/YKL060C/YOL136C/YAL038W/YGL253W/YHR174W/YCR012W/YJL052W"
"GO:0140053","GO:0140053","mitochondrial gene expression",166,0.505748252188042,2.09809543893519,1.83267491537527e-08,8.16488272643053e-07,6.41269915942564e-07,1361,"tags=46%, list=23%, signal=36%","YKL138C/YNR022C/YDR405W/YMR030W/YML009C/YMR188C/YLR439W/YGR076C/YMR193W/YDL045W-A/YML129C/YDL202W/YER050C/YML091C/YOL027C/YJL102W/YJL096W/YLR204W/YJR113C/YPL013C/YBR120C/YNL122C/YCR003W/YPR166C/YMR158W/YBL038W/YBR268W/YGR215W/YPL118W/YJL062W-A/YKR085C/YOR158W/YBR282W/YMR286W/YNL252C/YIR021W/YNR037C/YJL063C/YCR071C/YIL051C/YKL003C/YPR100W/YGR084C/YOL114C/YBR122C/YCR046C/YHR038W/YNL081C/YDR462W/YMR225C/YDR197W/YJR101W/YHR059W/YLR312W-A/YMR097C/YDR194C/YDR237W/YNR036C/YNL185C/YDR116C/YDR336W/YDR041W/YDR337W/YOR187W/YHR147C/YDR494W/YLR203C/YJL131C/YGR222W/YKL170W/YPR047W/YBR185C/YBR251W/YPL173W/YGL068W/YBL090W"
"GO:0072521","GO:0072521","purine-containing compound metabolic process",186,-0.452845232285961,-2.09878107622516,2.95458552265698e-08,1.27244149842427e-06,9.99375594330291e-07,875,"tags=35%, list=15%, signal=31%","YMR120C/YDR399W/YMR220W/YGR244C/YMR205C/YAR015W/YBR145W/YMR315W/YER099C/YEL041W/YDR400W/YHR074W/YHL011C/YBR127C/YCL047C/YGR256W/YGR010W/YJR009C/YJR105W/YMR207C/YDR050C/YPL273W/YDL021W/YMR208W/YGR240C/YNR016C/YJR078W/YJR019C/YDL085W/YIL009W/YOR347C/YOL061W/YLR450W/YLR446W/YBR196C/YLR153C/YKL181W/YOL086C/YGR254W/YOL056W/YER043C/YHR202W/YIR028W/YOR344C/YKL152C/YNR043W/YPL075W/YKL060C/YNL129W/YMR303C/YOL136C/YIR027C/YHR183W/YNL141W/YIR031C/YDL238C/YAL038W/YML075C/YLR231C/YMR246W/YGL253W/YHR174W/YJL116C/YCR012W/YJL052W"
"GO:0006090","GO:0006090","pyruvate metabolic process",46,-0.674328966470119,-2.48386530234137,5.46886123894423e-08,2.27928023248901e-06,1.79014676887682e-06,545,"tags=50%, list=9%, signal=46%","YJR009C/YDR050C/YDL021W/YGR240C/YOR347C/YLR446W/YLR044C/YBR196C/YLR153C/YGR254W/YOL056W/YOR344C/YKL152C/YPL075W/YKL060C/YOL136C/YLR134W/YAL038W/YGL253W/YHR174W/YFR055W/YCR012W/YJL052W"
"GO:0072526","GO:0072526","pyridine-containing compound catabolic process",34,-0.737132048986268,-2.53643723483389,6.31460149512712e-08,2.54952035365758e-06,2.00239336884952e-06,545,"tags=59%, list=9%, signal=54%","YJR009C/YDR050C/YDL021W/YGR240C/YOR347C/YLR446W/YBR196C/YGR254W/YOL056W/YHR202W/YOR344C/YKL152C/YPL075W/YKL060C/YOL136C/YAL038W/YGL253W/YHR174W/YCR012W/YJL052W"
"GO:0043436","GO:0043436","oxoacid metabolic process",369,-0.360273068030681,-1.79885399875447,1.01421176564605e-07,3.97079273095362e-06,3.11866074029599e-06,663,"tags=23%, list=11%, signal=22%","YEL020C/YHR208W/YER061C/YEL046C/YKL055C/YPR128C/YGR256W/YJL012C/YLL058W/YDL015C/YER040W/YGL196W/YJR009C/YMR207C/YLR351C/YIR023W/YJR148W/YDR050C/YER010C/YPL273W/YDL021W/YHR037W/YIL020C/YKR009C/YKL106W/YGR240C/YNR016C/YHR205W/YJR078W/YJR019C/YIL009W/YML054C/YOR347C/YMR272C/YOR363C/YCR037C/YGL009C/YNL239W/YJR024C/YLR446W/YLR044C/YOR100C/YBR196C/YIR033W/YLR153C/YLR142W/YGR254W/YOL056W/YER043C/YOR344C/YPL231W/YOR391C/YKL152C/YPL075W/YDR089W/YKL060C/YCR005C/YGL205W/YML123C/YKL182W/YOL136C/YLR134W/YJL196C/YHR183W/YIR031C/YKR034W/YAL038W/YMR170C/YHR067W/YPR035W/YLR231C/YOL002C/YCL064C/YCL018W/YMR246W/YGL253W/YHR174W/YOL126C/YFR055W/YPL095C/YCR012W/YGL055W/YGR087C/YJL052W/YPL280W/YEL071W"
"GO:0006082","GO:0006082","organic acid metabolic process",371,-0.358318348304794,-1.7878793716107,1.08738600950956e-07,4.13206683613634e-06,3.24532542776229e-06,663,"tags=23%, list=11%, signal=22%","YEL020C/YHR208W/YER061C/YEL046C/YKL055C/YPR128C/YGR256W/YJL012C/YLL058W/YDL015C/YER040W/YGL196W/YJR009C/YMR207C/YLR351C/YIR023W/YJR148W/YDR050C/YER010C/YPL273W/YDL021W/YHR037W/YIL020C/YKR009C/YKL106W/YGR240C/YNR016C/YHR205W/YJR078W/YJR019C/YIL009W/YML054C/YOR347C/YMR272C/YOR363C/YCR037C/YGL009C/YNL239W/YJR024C/YLR446W/YLR044C/YOR100C/YBR196C/YIR033W/YLR153C/YLR142W/YGR254W/YOL056W/YER043C/YOR344C/YPL231W/YOR391C/YKL152C/YPL075W/YDR089W/YKL060C/YCR005C/YGL205W/YML123C/YKL182W/YOL136C/YLR134W/YJL196C/YHR183W/YIR031C/YKR034W/YAL038W/YMR170C/YHR067W/YPR035W/YLR231C/YOL002C/YCL064C/YCL018W/YMR246W/YGL253W/YHR174W/YOL126C/YFR055W/YPL095C/YCR012W/YGL055W/YGR087C/YJL052W/YPL280W/YEL071W"
"GO:0055086","GO:0055086","nucleobase-containing small molecule metabolic process",256,-0.399732829066637,-1.92117425405362,1.53082832023308e-07,5.65094339926039e-06,4.43825112993891e-06,851,"tags=29%, list=14%, signal=25%","YDR399W/YMR220W/YGR244C/YMR205C/YAR015W/YJR051W/YBR145W/YMR315W/YER099C/YEL041W/YDR400W/YHR074W/YHL011C/YBR127C/YCL047C/YGR256W/YMR271C/YGR010W/YJR009C/YJR105W/YMR207C/YER005W/YDR050C/YPL273W/YDL021W/YBR242W/YMR208W/YGR240C/YNR016C/YJR078W/YJR019C/YDL085W/YIL009W/YGL101W/YOR347C/YOL061W/YLR450W/YLR014C/YLR446W/YBR196C/YLR153C/YKL181W/YOL086C/YNR012W/YGR254W/YOL056W/YER043C/YHR202W/YIR028W/YOR344C/YCR026C/YKL152C/YNR043W/YPL075W/YKL060C/YNL129W/YMR303C/YOL136C/YIR027C/YHR183W/YNL141W/YIR031C/YDL238C/YAL038W/YML075C/YLR231C/YMR246W/YGL253W/YHR174W/YOR047C/YJL116C/YCR012W/YJL052W"
"GO:0033108","GO:0033108","mitochondrial respiratory chain complex assembly",60,0.656058438044014,2.30128949259987,1.72264589863268e-07,6.18238472509283e-06,4.85564516456696e-06,1185,"tags=57%, list=20%, signal=46%","YLL009C/YDR529C/YLR218C/YDR379C-A/YDR079W/YML081C-A/YIR024C/YPL189C-A/YML129C/YBR269C/YDR511W/YEL059C-A/YDR231C/YJR034W/YBL059C-A/YKL137W/YBR120C/YIL098C/YER154W/YJL062W-A/YLR295C/YBR024W/YER058W/YKL053C-A/YDR493W/YMR244C-A/YML030W/YGL191W/YPR140W/YJL180C/YDR381C-A/YFL046W/YNR018W/YLR203C"
"GO:0019752","GO:0019752","carboxylic acid metabolic process",352,-0.352866300044584,-1.7527733522362,3.52067432456115e-07,1.2293814127927e-05,9.65556201671962e-06,663,"tags=24%, list=11%, signal=23%","YPR118W/YDR539W/YML076C/YOR388C/YML099C/YOR040W/YEL020C/YHR208W/YER061C/YEL046C/YKL055C/YPR128C/YGR256W/YLL058W/YDL015C/YGL196W/YJR009C/YMR207C/YLR351C/YIR023W/YJR148W/YDR050C/YER010C/YPL273W/YDL021W/YHR037W/YIL020C/YKR009C/YKL106W/YGR240C/YNR016C/YHR205W/YJR078W/YJR019C/YIL009W/YML054C/YOR347C/YMR272C/YOR363C/YGL009C/YNL239W/YJR024C/YLR446W/YLR044C/YOR100C/YBR196C/YIR033W/YLR153C/YLR142W/YGR254W/YOL056W/YER043C/YOR344C/YPL231W/YOR391C/YKL152C/YPL075W/YKL060C/YCR005C/YGL205W/YKL182W/YOL136C/YLR134W/YJL196C/YHR183W/YIR031C/YAL038W/YMR170C/YHR067W/YPR035W/YLR231C/YOL002C/YCL064C/YCL018W/YMR246W/YGL253W/YHR174W/YOL126C/YFR055W/YPL095C/YCR012W/YGL055W/YGR087C/YJL052W/YPL280W/YEL071W"
"GO:0055085","GO:0055085","transmembrane transport",461,-0.326550489629398,-1.64314933723961,4.56771225994719e-07,1.55302216838204e-05,1.21974366165903e-05,952,"tags=31%, list=16%, signal=28%","YPL221W/YPR021C/YGR224W/YAL022C/YPR138C/YOR137C/YLR411W/YMR026C/YNL095C/YOR079C/YGL255W/YPR198W/YLR241W/YOR071C/YIL114C/YLL015W/YKL175W/YLR220W/YOR092W/YJR124C/YIL121W/YBR132C/YNL329C/YIL006W/YPR058W/YOL092W/YDL183C/YBL042C/YNL291C/YPR011C/YGR121C/YAL053W/YKR103W/YCR075C/YDL206W/YBR127C/YHL040C/YPL026C/YEL027W/YPR128C/YHR096C/YBR021W/YGR217W/YLR188W/YMR058W/YHR002W/YKL084W/YOR328W/YIL088C/YNR055C/YPL036W/YPR156C/YIL090W/YOL075C/YKR105C/YCR023C/YJL108C/YMR279C/YHR175W/YBR220C/YDR270W/YCR011C/YEL006W/YML116W/YBR043C/YGR191W/YOL044W/YKR104W/YHR092C/YDR406W/YKL120W/YPR124W/YOL137W/YLR237W/YPR201W/YDR352W/YGL254W/YCR037C/YGL077C/YER060W/YBR235W/YDL138W/YBR295W/YOR100C/YGR257C/YJR106W/YDR338C/YPR115W/YGR138C/YEL064C/YOL130W/YGL139W/YLR447C/YCL038C/YOR306C/YOR011W/YCR098C/YMR155W/YER039C/YDR119W/YKL197C/YFL050C/YGR260W/YEL063C/YPL265W/YOR161C/YKR093W/YIL166C/YIR028W/YGL008C/YCR028C/YHL028W/YEL065W/YHL016C/YKR039W/YML123C/YGR125W/YNL065W/YLR152C/YOR348C/YMR221C/YER056C/YDR345C/YLR004C/YNL101W/YOR390W/YPR194C/YJL193W/YPL274W/YNL142W/YDL210W/YGL253W/YMR319C/YOL126C/YJR152W/YMR088C/YFL055W/YOR273C/YHR094C/YJL212C/YFL054C"
"GO:1901136","GO:1901136","carbohydrate derivative catabolic process",56,-0.620131794611503,-2.38135805051467,5.6964843630846e-07,1.8871430248988e-05,1.48216219325602e-05,545,"tags=38%, list=9%, signal=34%","YJR009C/YER005W/YDR050C/YDL021W/YGR240C/YOR347C/YLR446W/YBR196C/YGR254W/YOL056W/YER043C/YOR344C/YKL152C/YPL075W/YKL060C/YOL136C/YAL038W/YGL253W/YHR174W/YCR012W/YJL052W"
"GO:0016125","GO:0016125","sterol metabolic process",54,-0.598162669370491,-2.28719091654745,3.28166340735678e-06,0.000105997728057624,8.32506190708404e-05,1250,"tags=56%, list=21%, signal=44%","YJL167W/YLR020C/YML008C/YML126C/YLL012W/YER125W/YNR019W/YMR220W/YHR190W/YLR228C/YNL280C/YNL264C/YHR001W/YMR208W/YGL012W/YCR048W/YMR202W/YLR450W/YLR100W/YHR072W/YPL028W/YNR043W/YHR007C/YGL001C/YGR175C/YLR056W/YNL111C/YML075C/YGR060W/YMR015C"
"GO:0046165","GO:0046165","alcohol biosynthetic process",86,-0.518268408943365,-2.1377264969174,3.72909813736257e-06,0.000117389008504955,9.21973311054068e-05,865,"tags=43%, list=15%, signal=37%","YJL153C/YMR220W/YHR190W/YLR228C/YDL080C/YGL256W/YBR145W/YOR171C/YAL061W/YLR410W/YDR315C/YNL280C/YOL055C/YMR208W/YGL012W/YMR202W/YLR450W/YLR044C/YHR046C/YLR100W/YPR121W/YOL086C/YHR072W/YPL028W/YNR043W/YMR303C/YLR134W/YHR007C/YGL001C/YGR175C/YLR056W/YIL053W/YGR144W/YML075C/YGR060W/YMR015C/YGR087C"
"GO:0006644","GO:0006644","phospholipid metabolic process",157,-0.42350437628533,-1.93374571851414,3.81605136006819e-06,0.000117389008504955,9.21973311054068e-05,1250,"tags=41%, list=21%, signal=33%","YJL167W/YOR311C/YCL004W/YBL039C/YGR007W/YDR434W/YJL062W/YPL175W/YNL128W/YOL065C/YNL054W/YPL076W/YML126C/YLR305C/YDR017C/YDR287W/YIL039W/YDR437W/YLR386W/YDR147W/YIL002C/YLR088W/YDR072C/YOR149C/YGR046W/YBR042C/YLR459W/YPL031C/YJL153C/YFL025C/YMR220W/YHR190W/YOR109W/YLL031C/YLR240W/YPL103C/YDR284C/YNL087W/YNL169C/YLR133W/YLR347C/YCR044C/YMR013C/YNL264C/YCL052C/YAL009W/YKL212W/YGL142C/YHR123W/YMR208W/YBR029C/YPL206C/YPL110C/YGR149W/YMR272C/YNL130C/YKR031C/YCR017C/YHR046C/YER043C/YKR070W/YDR123C/YNR043W/YGR157W/YCR068W"
"GO:0006865","GO:0006865","amino acid transport",59,-0.568535680014911,-2.22040421354813,4.53155493484273e-06,0.000136157418042251,0.000106938040567647,779,"tags=46%, list=13%, signal=40%","YIL121W/YBR132C/YPR058W/YOL092W/YCR075C/YIL088C/YKR105C/YBR043C/YGR191W/YDR352W/YGL077C/YKL176C/YEL064C/YCL038C/YDR119W/YEL062W/YEL063C/YPL265W/YKR039W/YGR125W/YNL065W/YOR348C/YNL101W/YPL274W/YDL210W/YMR088C/YFL055W"
"GO:0046496","GO:0046496","nicotinamide nucleotide metabolic process",85,-0.511235751331813,-2.10922252426026,4.91149416139911e-06,0.000144219328557447,0.000113269865349013,836,"tags=42%, list=14%, signal=37%","YMR205C/YBR145W/YMR315W/YEL041W/YDR400W/YHR074W/YCL047C/YGR256W/YGR010W/YJR009C/YDR050C/YDL021W/YGR240C/YJR078W/YDL085W/YOR347C/YLR446W/YBR196C/YOL086C/YGR254W/YOL056W/YHR202W/YOR344C/YKL152C/YPL075W/YKL060C/YNL129W/YMR303C/YOL136C/YHR183W/YAL038W/YLR231C/YGL253W/YHR174W/YCR012W/YJL052W"
"GO:0003333","GO:0003333","amino acid transmembrane transport",49,-0.619147761899193,-2.30035266025662,5.35044635874736e-06,0.000153339455236161,0.000120432813139693,779,"tags=45%, list=13%, signal=39%","YIL121W/YBR132C/YPR058W/YOL092W/YIL088C/YKR105C/YBR043C/YGR191W/YDR352W/YEL064C/YCL038C/YDR119W/YEL063C/YPL265W/YKR039W/YGR125W/YNL065W/YOR348C/YNL101W/YPL274W/YMR088C/YFL055W"
"GO:0008202","GO:0008202","steroid metabolic process",56,-0.591297106909951,-2.27063043375833,5.45945428859398e-06,0.000153339455236161,0.000120432813139693,1250,"tags=54%, list=21%, signal=43%","YJL167W/YLR020C/YML008C/YML126C/YLL012W/YER125W/YNR019W/YMR220W/YHR190W/YLR228C/YNL280C/YNL264C/YHR001W/YMR208W/YGL012W/YCR048W/YMR202W/YLR450W/YLR100W/YHR072W/YPL028W/YNR043W/YHR007C/YGL001C/YGR175C/YLR056W/YNL111C/YML075C/YGR060W/YMR015C"
"GO:0002181","GO:0002181","cytoplasmic translation",172,0.454608224011614,1.89751317074268,5.92145796614537e-06,0.000162777099835315,0.000127845139515434,1783,"tags=47%, list=30%, signal=33%","YNCL0027W/YDL184C/YNCL0018W/YGR169C-A/YFR032C-A/YOR182C/YJR094W-A/YER131W/YML091C/YLR262C-A/YMR194W/YPR043W/YPL009C/YLR388W/YDR447C/YLR192C/YDL133C-A/YJR014W/YDR500C/YJL189W/YGR148C/YDL130W/YJL190C/YDR429C/YDL075W/YLR287C-A/YPL237W/YNCL0014C/YMR121C/YMR230W/YLR185W/YDL213C/YPL249C-A/YGL147C/YLR325C/YAL005C/YIL052C/YNL244C/YGL189C/YER056C-A/YDL136W/YOL039W/YDL081C/YNL175C/YHR010W/YLR061W/YDR382W/YFR031C-A/YNL255C/YGL049C/YFL023W/YDR179C/YLR264W/YKR094C/YOR293W/YER074W/YGR085C/YAL035W/YDL061C/YKL006W/YHR141C/YDL191W/YLR075W/YLR340W/YMR260C/YGR027C/YNL301C/YGL031C/YLR344W/YJR007W/YPR041W/YIL137C/YDR152W/YDR471W/YML073C/YNL096C/YFL034C-A/YBL092W/YPL143W/YER117W"
"GO:0006694","GO:0006694","steroid biosynthetic process",43,-0.616849848578867,-2.23802494152909,6.30581530858467e-06,0.000168922581089218,0.000132671800692526,846,"tags=49%, list=14%, signal=42%","YMR220W/YHR190W/YLR228C/YNL280C/YNL264C/YMR208W/YGL012W/YMR202W/YLR450W/YLR100W/YHR072W/YPL028W/YNR043W/YHR007C/YGL001C/YGR175C/YLR056W/YNL111C/YML075C/YGR060W/YMR015C"
"GO:0072524","GO:0072524","pyridine-containing compound metabolic process",100,-0.485711487186599,-2.06094862074485,6.40650655833723e-06,0.000168922581089218,0.000132671800692526,836,"tags=39%, list=14%, signal=34%","YMR205C/YBR145W/YMR096W/YMR315W/YEL041W/YDR400W/YHR074W/YEL029C/YCL047C/YGR256W/YGR010W/YJR009C/YDR050C/YDL021W/YGR240C/YJR078W/YDL085W/YOR347C/YLR446W/YBR196C/YOL086C/YGR254W/YOL056W/YHR202W/YOR344C/YKL152C/YPL075W/YKL060C/YNL129W/YMR303C/YOL136C/YHR183W/YAL038W/YLR231C/YGL253W/YHR174W/YOR047C/YCR012W/YJL052W"
"GO:0006753","GO:0006753","nucleoside phosphate metabolic process",239,-0.374665439990054,-1.77279985362993,6.89895000690575e-06,0.000178268868178445,0.000140012374876993,851,"tags=28%, list=14%, signal=25%","YMR120C/YDR399W/YMR220W/YGR244C/YMR205C/YAR015W/YJR051W/YBR145W/YMR315W/YER099C/YEL041W/YDR400W/YHR074W/YHL011C/YBR127C/YCL047C/YGR256W/YMR271C/YGR010W/YJR009C/YJR105W/YMR207C/YER005W/YDR050C/YDL021W/YBR242W/YMR208W/YGR240C/YNR016C/YJR078W/YJR019C/YDL085W/YIL009W/YGL101W/YOR347C/YOL061W/YLR450W/YLR014C/YLR446W/YBR196C/YLR153C/YKL181W/YOL086C/YNR012W/YGR254W/YOL056W/YHR202W/YOR344C/YCR026C/YKL152C/YNR043W/YPL075W/YKL060C/YNL129W/YMR303C/YOL136C/YHR183W/YNL141W/YAL038W/YML075C/YLR231C/YMR246W/YGL253W/YHR174W/YJL116C/YCR012W/YJL052W"
"GO:0044283","GO:0044283","small molecule biosynthetic process",347,-0.328720214677746,-1.62426114807448,7.44998700407424e-06,0.000188733004103214,0.000148230907573324,865,"tags=24%, list=15%, signal=22%","YJL153C/YDR399W/YMR220W/YNL256W/YHR190W/YLR228C/YDL080C/YGL256W/YBR145W/YBR239C/YMR096W/YPR118W/YOR171C/YAL061W/YLR410W/YDR315C/YEL029C/YHR208W/YER061C/YEL046C/YKL055C/YNL280C/YMR271C/YLL058W/YDL015C/YOL055C/YJR009C/YJR105W/YMR207C/YJR148W/YDR050C/YPL273W/YHR037W/YMR208W/YIL020C/YNR016C/YGL012W/YMR202W/YMR272C/YLR450W/YGL009C/YJR024C/YLR044C/YBR196C/YIR033W/YHR046C/YLR100W/YPR121W/YOL086C/YHR072W/YPL231W/YPL028W/YOR391C/YKL152C/YNR043W/YKL060C/YMR303C/YKL182W/YLR134W/YJL196C/YHR007C/YGL001C/YGR175C/YLR056W/YIL053W/YGR144W/YMR170C/YHR067W/YPR035W/YML075C/YLR231C/YGR060W/YCL018W/YMR015C/YOL126C/YFR055W/YOR047C/YPL095C/YCR012W/YGL055W/YGR087C/YJL052W/YPL280W/YEL071W"
"GO:0016126","GO:0016126","sterol biosynthetic process",42,-0.624311841039596,-2.25566369628224,1.00600475031264e-05,0.000249953487962295,0.000196313477591374,846,"tags=50%, list=14%, signal=43%","YMR220W/YHR190W/YLR228C/YNL280C/YNL264C/YMR208W/YGL012W/YMR202W/YLR450W/YLR100W/YHR072W/YPL028W/YNR043W/YHR007C/YGL001C/YGR175C/YLR056W/YNL111C/YML075C/YGR060W/YMR015C"
"GO:0019362","GO:0019362","pyridine nucleotide metabolic process",86,-0.504674812586227,-2.08165633979496,1.03991502279509e-05,0.000253503813104011,0.00019910190307338,836,"tags=42%, list=14%, signal=36%","YMR205C/YBR145W/YMR315W/YEL041W/YDR400W/YHR074W/YCL047C/YGR256W/YGR010W/YJR009C/YDR050C/YDL021W/YGR240C/YJR078W/YDL085W/YOR347C/YLR446W/YBR196C/YOL086C/YGR254W/YOL056W/YHR202W/YOR344C/YKL152C/YPL075W/YKL060C/YNL129W/YMR303C/YOL136C/YHR183W/YAL038W/YLR231C/YGL253W/YHR174W/YCR012W/YJL052W"
"GO:0042026","GO:0042026","protein refolding",30,0.687259283079027,2.13521550856409,1.76408934448824e-05,0.000422074709829409,0.0003314974908551,843,"tags=47%, list=14%, signal=40%","YER103W/YPL240C/YLL026W/YPL106C/YDR258C/YLR216C/YOR020C/YJL034W/YFL016C/YBR169C/YJR045C/YAL005C/YLR259C/YOR232W"
"GO:0006457","GO:0006457","protein folding",136,0.475092871290199,1.90711218406082,1.86192063198689e-05,0.000437382083004921,0.000343519902246002,1214,"tags=38%, list=21%, signal=31%","YGR142W/YER103W/YPL240C/YBR072W/YLL026W/YPL106C/YDR258C/YFL014W/YDR171W/YNL007C/YKL195W/YDR363W-A/YLR216C/YMR186W/YHR176W/YOR020C/YJL034W/YFR041C/YGR211W/YFL016C/YBR269C/YKL073W/YBR169C/YOR027W/YGR285C/YKL117W/YDR155C/YIL027C/YJR045C/YEL003W/YAL005C/YOR288C/YML028W/YLR259C/YJL179W/YLR200W/YOR232W/YML130C/YDR493W/YNR028W/YHR034C/YNL135C/YCL043C/YPL225W/YNL077W/YPR158W/YGL231C/YDR214W/YNCL0012C/YFL023W/YGR078C/YML078W"
"GO:0007006","GO:0007006","mitochondrial membrane organization",56,0.592085521103028,2.05759222365368,2.25084023476584e-05,0.000519300997020977,0.000407859019983886,1310,"tags=54%, list=22%, signal=42%","YHR005C-A/YOR045W/YEL020W-A/YCL057C-A/YNL070W/YLR099W-A/YOL027C/YKR016W/YFR011C/YBR091C/YJR135W-A/YDR322C-A/YER154W/YPL063W/YNL121C/YBR262C/YLR295C/YPR133W-A/YPR020W/YPL098C/YLR168C/YGR181W/YEL012W/YPR140W/YOL026C/YJL127C-B/YDR393W/YJR080C/YGR235C/YBR185C"
"GO:1902653","GO:1902653","secondary alcohol biosynthetic process",37,-0.643248269775909,-2.28157940607356,2.32398773221927e-05,0.000526770552636369,0.000413725609207642,846,"tags=54%, list=14%, signal=47%","YMR220W/YHR190W/YLR228C/YAL061W/YNL280C/YMR208W/YGL012W/YMR202W/YLR450W/YLR100W/YHR072W/YPL028W/YNR043W/YHR007C/YGL001C/YGR175C/YLR056W/YML075C/YGR060W/YMR015C"
"GO:0008204","GO:0008204","ergosterol metabolic process",39,-0.638403373103555,-2.26720724368777,2.93282205296088e-05,0.000626346466868848,0.000491932535490931,1250,"tags=64%, list=21%, signal=51%","YJL167W/YML008C/YML126C/YER125W/YNR019W/YMR220W/YHR190W/YLR228C/YNL280C/YMR208W/YGL012W/YCR048W/YMR202W/YLR450W/YLR100W/YHR072W/YPL028W/YNR043W/YHR007C/YGL001C/YGR175C/YLR056W/YML075C/YGR060W/YMR015C"
"GO:0016128","GO:0016128","phytosteroid metabolic process",39,-0.638403373103555,-2.26720724368777,2.93282205296088e-05,0.000626346466868848,0.000491932535490931,1250,"tags=64%, list=21%, signal=51%","YJL167W/YML008C/YML126C/YER125W/YNR019W/YMR220W/YHR190W/YLR228C/YNL280C/YMR208W/YGL012W/YCR048W/YMR202W/YLR450W/YLR100W/YHR072W/YPL028W/YNR043W/YHR007C/YGL001C/YGR175C/YLR056W/YML075C/YGR060W/YMR015C"
"GO:0006696","GO:0006696","ergosterol biosynthetic process",35,-0.645326920955447,-2.24740426121284,2.95720855100617e-05,0.000626346466868848,0.000491932535490931,846,"tags=66%, list=14%, signal=57%","YJL167W/YML008C/YML126C/YER125W/YMR220W/YHR190W/YLR228C/YNL280C/YMR208W/YGL012W/YMR202W/YLR450W/YLR100W/YHR072W/YPL028W/YNR043W/YHR007C/YGL001C/YGR175C/YLR056W/YML075C/YGR060W/YMR015C"
"GO:0016129","GO:0016129","phytosteroid biosynthetic process",35,-0.645326920955447,-2.24740426121284,2.95720855100617e-05,0.000626346466868848,0.000491932535490931,846,"tags=66%, list=14%, signal=57%","YJL167W/YML008C/YML126C/YER125W/YMR220W/YHR190W/YLR228C/YNL280C/YMR208W/YGL012W/YMR202W/YLR450W/YLR100W/YHR072W/YPL028W/YNR043W/YHR007C/YGL001C/YGR175C/YLR056W/YML075C/YGR060W/YMR015C"
"GO:0019693","GO:0019693","ribose phosphate metabolic process",98,-0.461526697376701,-1.94759951075801,4.02121618506339e-05,0.000837969566306758,0.000658141324686096,875,"tags=34%, list=15%, signal=29%","YMR120C/YDR399W/YMR205C/YAR015W/YER099C/YHL011C/YBR127C/YMR271C/YJR009C/YJR105W/YER005W/YDR050C/YDL021W/YGR240C/YOR347C/YOL061W/YLR446W/YBR196C/YKL181W/YNR012W/YGR254W/YOL056W/YOR344C/YKL152C/YPL075W/YKL060C/YOL136C/YAL038W/YGL253W/YHR174W/YJL116C/YCR012W/YJL052W"
"GO:0046395","GO:0046395","carboxylic acid catabolic process",83,-0.485133416155276,-1.99782624298031,4.77731032791128e-05,0.00097972776883514,0.000769478221571675,824,"tags=37%, list=14%, signal=33%","YDL080C/YNL202W/YBR006W/YDR539W/YML076C/YOR388C/YEL020C/YHR208W/YEL046C/YPR128C/YGL196W/YIR023W/YJR148W/YER010C/YHR037W/YKR009C/YKL106W/YJR078W/YJR019C/YOR363C/YNL239W/YLR044C/YLR142W/YER043C/YGL205W/YLR134W/YLR231C/YCL064C/YFR055W/YPL095C/YGR087C"
"GO:0015849","GO:0015849","organic acid transport",78,-0.481024147870698,-1.96361953714818,5.03002948972268e-05,0.00101543720323777,0.00079752441251524,947,"tags=42%, list=16%, signal=36%","YPR021C/YBR041W/YLL015W/YKL187C/YIL121W/YIL006W/YPR058W/YOL147C/YCR075C/YJL078C/YJL079C/YIL088C/YMR034C/YKR105C/YBR043C/YGR191W/YKL120W/YGL077C/YEL064C/YGR260W/YEL062W/YEL063C/YPL265W/YIL166C/YCR028C/YKR039W/YNL065W/YOR348C/YNL101W/YJL193W/YMR246W/YDL210W/YJR152W"
"GO:0006613","GO:0006613","cotranslational protein targeting to membrane",23,0.732966409088038,2.13300339496284,6.14197119166347e-05,0.00120661180658765,0.000947672952216469,725,"tags=52%, list=12%, signal=46%","YER103W/YNCE0024W/YKL122C/YJL034W/YHR193C/YDR086C/YER019C-A/YDR252W/YLR378C/YDL092W/YPL037C/YAL005C"
"GO:0016054","GO:0016054","organic acid catabolic process",84,-0.479960849580669,-1.97845487841886,6.16380644232081e-05,0.00120661180658765,0.000947672952216469,824,"tags=37%, list=14%, signal=32%","YDL080C/YNL202W/YBR006W/YDR539W/YML076C/YOR388C/YEL020C/YHR208W/YEL046C/YPR128C/YGL196W/YIR023W/YJR148W/YER010C/YHR037W/YKR009C/YKL106W/YJR078W/YJR019C/YOR363C/YNL239W/YLR044C/YLR142W/YER043C/YGL205W/YLR134W/YLR231C/YCL064C/YFR055W/YPL095C/YGR087C"
"GO:0007007","GO:0007007","inner mitochondrial membrane organization",37,0.642456039477543,2.07500364659306,7.34198821723971e-05,0.00141579832487667,0.00111196805049789,1310,"tags=59%, list=22%, signal=46%","YHR005C-A/YEL020W-A/YCL057C-A/YOL027C/YKR016W/YFR011C/YBR091C/YJR135W-A/YDR322C-A/YER154W/YNL121C/YBR262C/YLR295C/YPR020W/YPL098C/YLR168C/YGR181W/YPR140W/YDR393W/YJR080C/YGR235C/YBR185C"
"GO:0009063","GO:0009063","amino acid catabolic process",53,-0.54500271818434,-2.06991293789502,8.80243802312429e-05,0.00164822462693864,0.00129451567571195,824,"tags=45%, list=14%, signal=39%","YDL080C/YGL256W/YBR145W/YBR006W/YHR208W/YEL046C/YGL196W/YIR023W/YJR148W/YHR037W/YKL106W/YJR078W/YNL239W/YLR044C/YOL086C/YLR142W/YER043C/YLR098C/YMR303C/YLR134W/YLR231C/YCL064C/YFR055W/YGR087C"
"GO:0006163","GO:0006163","purine nucleotide metabolic process",136,-0.407350260178103,-1.80973959501329,8.70315254728849e-05,0.00164822462693864,0.00129451567571195,875,"tags=34%, list=15%, signal=29%","YMR120C/YDR399W/YMR205C/YAR015W/YBR145W/YMR315W/YER099C/YEL041W/YDR400W/YHR074W/YHL011C/YBR127C/YCL047C/YGR256W/YGR010W/YJR009C/YJR105W/YDR050C/YDL021W/YGR240C/YJR078W/YDL085W/YOR347C/YOL061W/YLR446W/YBR196C/YKL181W/YOL086C/YGR254W/YOL056W/YHR202W/YOR344C/YKL152C/YPL075W/YKL060C/YNL129W/YMR303C/YOL136C/YHR183W/YAL038W/YLR231C/YGL253W/YHR174W/YJL116C/YCR012W/YJL052W"
"GO:0009199","GO:0009199","ribonucleoside triphosphate metabolic process",59,-0.521952226441719,-2.03847350940512,9.25999170408134e-05,0.00170912989738187,0.00134235067710292,545,"tags=37%, list=9%, signal=34%","YJR009C/YER005W/YDR050C/YDL021W/YGR240C/YOR347C/YLR446W/YBR196C/YNR012W/YGR254W/YOL056W/YOR344C/YKL152C/YPL075W/YKL060C/YOL136C/YAL038W/YGL253W/YHR174W/YJL116C/YCR012W/YJL052W"
"GO:1902652","GO:1902652","secondary alcohol metabolic process",49,-0.571213229970146,-2.12225894042646,9.79395406238229e-05,0.00178222375332365,0.00139975859394166,1173,"tags=55%, list=20%, signal=44%","YML008C/YML126C/YNL009W/YER125W/YNR019W/YMR226C/YMR220W/YHR190W/YLR228C/YAL061W/YNL280C/YMR208W/YGL012W/YCR048W/YMR202W/YLR450W/YLR100W/YHR072W/YPL028W/YNR043W/YHR007C/YGL001C/YGR175C/YLR056W/YML075C/YGR060W/YMR015C"
"GO:0046942","GO:0046942","carboxylic acid transport",76,-0.473135752676295,-1.92330307791631,0.000115024926037613,0.00206405839500828,0.00162111153070554,947,"tags=42%, list=16%, signal=36%","YPR021C/YBR041W/YLL015W/YKL187C/YIL121W/YIL006W/YPR058W/YOL147C/YCR075C/YJL078C/YJL079C/YIL088C/YMR034C/YKR105C/YBR043C/YGR191W/YKL120W/YGL077C/YEL064C/YGR260W/YEL062W/YEL063C/YPL265W/YCR028C/YKR039W/YNL065W/YOR348C/YNL101W/YJL193W/YMR246W/YDL210W/YJR152W"
"GO:0009141","GO:0009141","nucleoside triphosphate metabolic process",67,-0.505281927555272,-2.00132424151556,0.000131303899599505,0.00232389915455562,0.00182519047172203,545,"tags=34%, list=9%, signal=32%","YJR009C/YER005W/YDR050C/YDL021W/YGR240C/YOR347C/YLR446W/YBR196C/YNR012W/YGR254W/YOL056W/YOR344C/YCR026C/YKL152C/YPL075W/YKL060C/YOL136C/YAL038W/YGL253W/YHR174W/YJL116C/YCR012W/YJL052W"
"GO:0070585","GO:0070585","protein localization to mitochondrion",74,0.518813569216485,1.90065581801955,0.00015177298509609,0.00261454262325531,0.0020534618615106,1387,"tags=43%, list=24%, signal=33%","YPL240C/YKL195W/YOR020C/YHR005C-A/YOR045W/YEL020W-A/YNL070W/YLR099W-A/YOL027C/YKR016W/YOR027W/YBR091C/YJR135W-A/YER154W/YPL063W/YNR017W/YNL121C/YPR133W-A/YJR045C/YAL005C/YPL098C/YLR259C/YGR181W/YOR232W/YBR230C/YLR008C/YOL026C/YJL104W/YBL045C/YBR185C/YIL022W/YER017C"
"GO:0072655","GO:0072655","establishment of protein localization to mitochondrion",74,0.518813569216485,1.90065581801955,0.00015177298509609,0.00261454262325531,0.0020534618615106,1387,"tags=43%, list=24%, signal=33%","YPL240C/YKL195W/YOR020C/YHR005C-A/YOR045W/YEL020W-A/YNL070W/YLR099W-A/YOL027C/YKR016W/YOR027W/YBR091C/YJR135W-A/YER154W/YPL063W/YNR017W/YNL121C/YPR133W-A/YJR045C/YAL005C/YPL098C/YLR259C/YGR181W/YOR232W/YBR230C/YLR008C/YOL026C/YJL104W/YBL045C/YBR185C/YIL022W/YER017C"
"GO:0022900","GO:0022900","electron transport chain",33,0.648604154957734,2.03996081396391,0.000180189863815484,0.00306322768486323,0.00240585912351976,1064,"tags=55%, list=18%, signal=45%","YNR074C/YOR065W/YEL039C/YDR529C/YFR033C/YJL045W/YPR191W/YJL166W/YPL252C/YMR256C/YKL148C/YGL226W/YDL067C/YLR395C/YGL191W/YJR048W/YHR001W-A/YPR140W"
"GO:0044248","GO:0044248","cellular catabolic process",104,-0.43780180608758,-1.86661224485151,0.000194633794631558,0.00326580341122043,0.00256496210560249,824,"tags=33%, list=14%, signal=29%","YDL080C/YNL202W/YBR006W/YDR539W/YML076C/YOR388C/YEL020C/YHR208W/YEL046C/YPR128C/YGL196W/YOL055C/YIR023W/YJR148W/YER010C/YHR037W/YKR009C/YKL106W/YJR078W/YJR019C/YOR363C/YKL157W/YNL239W/YLR044C/YLR299W/YLR142W/YER043C/YGL205W/YLR134W/YLR231C/YCL064C/YFR055W/YPL095C/YGR087C"
"GO:0008654","GO:0008654","phospholipid biosynthetic process",124,-0.4039202095384,-1.77840334017692,0.000203704487987418,0.00334146885539437,0.00262438974792258,1250,"tags=43%, list=21%, signal=34%","YJL167W/YOR311C/YCL004W/YBL039C/YGR007W/YDR434W/YJL062W/YPL175W/YNL054W/YPL076W/YML126C/YLR305C/YDR017C/YDR287W/YIL039W/YDR437W/YLR386W/YDR147W/YIL002C/YLR088W/YOR149C/YGR046W/YBR042C/YLR459W/YPL031C/YJL153C/YFL025C/YMR220W/YOR109W/YLL031C/YLR240W/YNL169C/YLR133W/YLR347C/YCR044C/YMR013C/YNL264C/YCL052C/YAL009W/YGL142C/YHR123W/YMR208W/YBR029C/YGR149W/YNL130C/YKR031C/YCR017C/YHR046C/YER043C/YKR070W/YDR123C/YNR043W/YGR157W"
"GO:0043603","GO:0043603","amide metabolic process",109,-0.414149406960444,-1.77806168698752,0.000204315820105384,0.00334146885539437,0.00262438974792258,1381,"tags=41%, list=24%, signal=32%","YDR319C/YIR032C/YMR297W/YLR146C/YMR251W/YKL184W/YOR311C/YNL314W/YPR069C/YDR135C/YBR221C/YHL003C/YNR033W/YML126C/YIL145C/YBR281C/YHR063C/YMR220W/YGR244C/YNL256W/YGR038W/YPL103C/YMR207C/YLR351C/YIR023W/YMR208W/YNR016C/YJR019C/YIL009W/YKL008C/YLR450W/YGR154C/YDR242W/YLL060C/YKL215C/YLR153C/YLR299W/YIR028W/YNR043W/YIR027C/YIR031C/YMR170C/YML075C/YBR208C/YMR246W"
"GO:0009259","GO:0009259","ribonucleotide metabolic process",91,-0.444782499912677,-1.8577198725755,0.000212313858844337,0.00342886882033604,0.00269303368323606,648,"tags=32%, list=11%, signal=29%","YMR120C/YDR399W/YMR205C/YAR015W/YBR127C/YMR271C/YJR009C/YJR105W/YER005W/YDR050C/YDL021W/YGR240C/YOR347C/YLR446W/YBR196C/YNR012W/YGR254W/YOL056W/YOR344C/YKL152C/YPL075W/YKL060C/YOL136C/YAL038W/YGL253W/YHR174W/YJL116C/YCR012W/YJL052W"
"GO:0015711","GO:0015711","organic anion transport",119,-0.416932752681553,-1.81218208354941,0.000218397350501768,0.00348357255368252,0.00273599799718914,957,"tags=38%, list=16%, signal=32%","YPL084W/YPL221W/YPR021C/YBR041W/YLL015W/YKL187C/YIL121W/YIL006W/YPR058W/YOL147C/YPR011C/YAL053W/YCR075C/YJL078C/YJL079C/YPR128C/YHR002W/YIL088C/YMR034C/YKR105C/YBR220C/YBR043C/YGR191W/YKL120W/YGL077C/YGR257C/YEL064C/YGL139W/YOR306C/YCR098C/YGR260W/YEL062W/YEL063C/YPL265W/YIL166C/YCR028C/YKR039W/YNL065W/YOR348C/YPL002C/YNL101W/YJL193W/YMR246W/YDL210W/YJR152W"
"GO:0022904","GO:0022904","respiratory electron transport chain",32,0.641192570749668,2.01232789173579,0.000226586254878493,0.00357011513784162,0.00280396854560805,1064,"tags=53%, list=18%, signal=44%","YNR074C/YOR065W/YEL039C/YDR529C/YFR033C/YJL045W/YPR191W/YJL166W/YMR256C/YKL148C/YGL226W/YDL067C/YLR395C/YGL191W/YJR048W/YHR001W-A/YPR140W"
"GO:0009150","GO:0009150","purine ribonucleotide metabolic process",76,-0.460394120791847,-1.87150817617317,0.000237476547038236,0.00369662287678796,0.00290332772789929,545,"tags=34%, list=9%, signal=31%","YMR120C/YDR399W/YMR205C/YAR015W/YBR127C/YJR009C/YJR105W/YDR050C/YDL021W/YGR240C/YOR347C/YLR446W/YBR196C/YGR254W/YOL056W/YOR344C/YKL152C/YPL075W/YKL060C/YOL136C/YAL038W/YGL253W/YHR174W/YJL116C/YCR012W/YJL052W"
"GO:0006650","GO:0006650","glycerophospholipid metabolic process",125,-0.413525403467916,-1.82340845383854,0.000243583086819219,0.0037465398591718,0.00294253252749031,1225,"tags=41%, list=21%, signal=33%","YOR311C/YCL004W/YGR007W/YDR434W/YJL062W/YPL175W/YNL128W/YOL065C/YNL054W/YPL076W/YLR305C/YDR017C/YDR287W/YIL039W/YDR437W/YLR386W/YDR147W/YIL002C/YLR088W/YDR072C/YOR149C/YGR046W/YBR042C/YLR459W/YFL025C/YOR109W/YLL031C/YLR240W/YPL103C/YNL087W/YNL169C/YLR133W/YLR347C/YCR044C/YNL264C/YCL052C/YKL212W/YGL142C/YHR123W/YBR029C/YPL206C/YPL110C/YGR149W/YNL130C/YKR031C/YCR017C/YHR046C/YER043C/YKR070W/YGR157W/YCR068W"
"GO:0030001","GO:0030001","metal ion transport",106,-0.429010981282237,-1.83076295911617,0.000248993289789885,0.00378469800480625,0.00297250193631516,1243,"tags=42%, list=21%, signal=34%","YPL224C/YLR034C/YLR047C/YGR281W/YDR135C/YLR130C/YHR050W/YDR205W/YJL129C/YKR052C/YGL160W/YLR411W/YOR079C/YGL255W/YLL015W/YKL175W/YLR220W/YIL121W/YDL183C/YNL291C/YHL040C/YLL051C/YGR217W/YMR058W/YMR034C/YHR175W/YDR270W/YGR191W/YPR124W/YAL048C/YBR235W/YLR443W/YBR295W/YDR506C/YOL130W/YOL152W/YLR214W/YFL050C/YEL065W/YML123C/YOR382W/YMR319C/YOR381W/YOR383C/YOR384W"
"GO:0009117","GO:0009117","nucleotide metabolic process",181,-0.369575552652388,-1.70221318354693,0.000261029710017524,0.00392151610863536,0.00307995887952133,875,"tags=29%, list=15%, signal=25%","YMR120C/YDR399W/YMR205C/YAR015W/YJR051W/YBR145W/YMR315W/YER099C/YEL041W/YDR400W/YHR074W/YHL011C/YBR127C/YCL047C/YGR256W/YMR271C/YGR010W/YJR009C/YJR105W/YER005W/YDR050C/YDL021W/YGR240C/YJR078W/YDL085W/YOR347C/YOL061W/YLR014C/YLR446W/YBR196C/YKL181W/YOL086C/YNR012W/YGR254W/YOL056W/YHR202W/YOR344C/YKL152C/YPL075W/YKL060C/YNL129W/YMR303C/YOL136C/YHR183W/YNL141W/YAL038W/YLR231C/YGL253W/YHR174W/YJL116C/YCR012W/YJL052W"
"GO:0055082","GO:0055082","intracellular chemical homeostasis",207,-0.344680691590693,-1.61774875472568,0.000274511035376872,0.0040766466403094,0.00320179840415371,1035,"tags=29%, list=18%, signal=25%","YER125W/YJR033C/YMR116C/YOR270C/YPR138C/YGL160W/YOR079C/YJL110C/YKL168C/YNL201C/YMR205C/YLR126C/YOR371C/YKL175W/YLR220W/YGR038W/YER113C/YGR121C/YCL017C/YDR107C/YDL206W/YBR127C/YHL040C/YCR044C/YLL051C/YEL027W/YMR058W/YDR436W/YPL036W/YIL090W/YHR175W/YDR270W/YGR240C/YPL203W/YBR043C/YKR021W/YDL138W/YBR295W/YLR446W/YGR257C/YJR106W/YIR033W/YDR506C/YOL130W/YAL056W/YOL152W/YLR447C/YLR214W/YFL050C/YGL008C/YMR021C/YDR089W/YEL065W/YDR492W/YLR023C/YKR034W/YOL002C/YNL142W/YGL253W/YOR381W/YOR384W"
"GO:0006631","GO:0006631","fatty acid metabolic process",73,-0.477451597440001,-1.91262810894212,0.000279871159453944,0.00410901747743745,0.00322722246068902,663,"tags=42%, list=11%, signal=38%","YOR221C/YBR026C/YLR284C/YNL009W/YBR222C/YER125W/YBR041W/YNL202W/YEL020C/YER061C/YKL055C/YPR128C/YDL015C/YMR207C/YKR009C/YNR016C/YJR019C/YIL009W/YMR272C/YOR363C/YOR100C/YIR033W/YPL231W/YGL205W/YKL182W/YJL196C/YHR067W/YOL002C/YMR246W/YPL095C/YGL055W"
"GO:0015980","GO:0015980","energy derivation by oxidation of organic compounds",159,0.417204909435333,1.72180713287541,0.000295678585824086,0.00429232284140133,0.00337119049952003,1067,"tags=35%, list=18%, signal=30%","YNR074C/YER067W/YFR015C/YMR145C/YIL057C/YJR120W/YOR065W/YPL271W/YMR030W/YEL039C/YDR529C/YFR033C/YJL045W/YMR002W/YMR105C/YKL085W/YPR191W/YER065C/YER054C/YPL262W/YMR311C/YJL166W/YMR256C/YKL148C/YLR154W-C/YEL011W/YKR058W/YFR003C/YJL137C/YLR174W/YMR081C/YNL037C/YLR258W/YOR355W/YJR121W/YFR017C/YFL018C/YDR031W/YFR049W/YGL226W/YPR184W/YNL117W/YOR178C/YBR010W/YNR001C/YBL030C/YDL067C/YDR148C/YOR136W/YLR395C/YGL191W/YJR048W/YHR001W-A/YKL109W/YPR140W/YPR001W"
"GO:0006458","GO:0006458","'de novo' protein folding",33,0.635538619367803,1.99886767508532,0.000325015130872374,0.00466577276763453,0.00366449808375402,781,"tags=36%, list=13%, signal=32%","YER103W/YPL240C/YLL026W/YNL007C/YOR020C/YJL034W/YGR211W/YFL016C/YGR285C/YJR045C/YAL005C/YLR259C"
"GO:0017004","GO:0017004","cytochrome complex assembly",42,0.583680220658685,1.94298162314503,0.000331122706522241,0.00470121469040368,0.00369233417105194,1597,"tags=60%, list=27%, signal=44%","YLL009C/YDR529C/YLR218C/YDR079W/YPL189C-A/YML129C/YDR231C/YJR034W/YKL137W/YBR120C/YJL062W-A/YBR024W/YER058W/YDR493W/YMR244C-A/YML030W/YDR381C-A/YFL046W/YNR018W/YLR203C/YKL087C/YLR038C/YBR037C/YNL005C/YGR183C"
"GO:0009205","GO:0009205","purine ribonucleoside triphosphate metabolic process",54,-0.52153156149904,-1.99417702112498,0.00033611597100269,0.00470259029706745,0.00369341457257049,545,"tags=37%, list=9%, signal=34%","YJR009C/YDR050C/YDL021W/YGR240C/YOR347C/YLR446W/YBR196C/YGR254W/YOL056W/YOR344C/YKL152C/YPL075W/YKL060C/YOL136C/YAL038W/YGL253W/YHR174W/YJL116C/YCR012W/YJL052W"
"GO:0000041","GO:0000041","transition metal ion transport",68,-0.483245823306945,-1.91960884302497,0.000338499146770335,0.00470259029706745,0.00369341457257049,1243,"tags=53%, list=21%, signal=42%","YPL224C/YLR034C/YLR047C/YGR281W/YDR135C/YLR130C/YHR050W/YDR205W/YKR052C/YGL160W/YLR411W/YOR079C/YGL255W/YLL015W/YKL175W/YLR220W/YIL121W/YHL040C/YLL051C/YMR058W/YHR175W/YDR270W/YGR191W/YPR124W/YAL048C/YBR295W/YDR506C/YOL152W/YLR214W/YEL065W/YML123C/YOR382W/YMR319C/YOR381W/YOR383C/YOR384W"
"GO:0008535","GO:0008535","respiratory chain complex IV assembly",29,0.644572194959057,1.99236413057019,0.000360213554392934,0.0048478740862049,0.00380752046529373,1185,"tags=59%, list=20%, signal=47%","YLL009C/YLR218C/YDR079W/YPL189C-A/YML129C/YDR231C/YJR034W/YKL137W/YJL062W-A/YBR024W/YER058W/YMR244C-A/YML030W/YDR381C-A/YFL046W/YNR018W/YLR203C"
"GO:0033617","GO:0033617","mitochondrial cytochrome c oxidase assembly",29,0.644572194959057,1.99236413057019,0.000360213554392934,0.0048478740862049,0.00380752046529373,1185,"tags=59%, list=20%, signal=47%","YLL009C/YLR218C/YDR079W/YPL189C-A/YML129C/YDR231C/YJR034W/YKL137W/YJL062W-A/YBR024W/YER058W/YMR244C-A/YML030W/YDR381C-A/YFL046W/YNR018W/YLR203C"
"GO:0072330","GO:0072330","monocarboxylic acid biosynthetic process",58,-0.511196031709041,-1.9776726215313,0.000353820696482617,0.0048478740862049,0.00380752046529373,639,"tags=29%, list=11%, signal=26%","YER061C/YKL055C/YDL015C/YMR207C/YNR016C/YMR272C/YIR033W/YPL231W/YOR391C/YKL182W/YJL196C/YMR170C/YHR067W/YPL095C/YGL055W/YPL280W/YEL071W"
"GO:0006626","GO:0006626","protein targeting to mitochondrion",66,0.53051890630914,1.90223833171534,0.000366738400041419,0.00488480425622179,0.00383652542202852,843,"tags=35%, list=14%, signal=30%","YPL240C/YKL195W/YOR020C/YHR005C-A/YOR045W/YEL020W-A/YNL070W/YLR099W-A/YKR016W/YOR027W/YBR091C/YJR135W-A/YER154W/YPL063W/YNR017W/YNL121C/YPR133W-A/YJR045C/YAL005C/YPL098C/YLR259C/YGR181W/YOR232W"
"GO:0019400","GO:0019400","alditol metabolic process",18,0.742955956182601,2.0182639339192,0.000388004084464641,0.00511531915437058,0.00401757183054688,78,"tags=33%, list=1%, signal=33%","YEL070W/YNR073C/YPL201C/YJR159W/YIL155C/YHL032C"
"GO:1902600","GO:1902600","proton transmembrane transport",90,0.481950186407161,1.81428705026833,0.000471757119608124,0.00615666867205754,0.00483544777567498,650,"tags=28%, list=11%, signal=25%","YJR158W/YEL069C/YNR072W/YDR343C/YOL077W-A/YOR065W/YPL271W/YDR529C/YDR536W/YFR033C/YML081C-A/YPR191W/YJL166W/YOL027C/YKL016C/YMR256C/YKL217W/YHR039C-A/YDR322C-A/YBR298C/YJR121W/YLR295C/YPL078C/YPR020W/YBL099W"
"GO:0045333","GO:0045333","cellular respiration",101,0.462403373864802,1.77446041451247,0.000510352377423573,0.00659375271631256,0.0051787335982771,1067,"tags=41%, list=18%, signal=34%","YNR074C/YJR120W/YOR065W/YPL271W/YMR030W/YEL039C/YDR529C/YFR033C/YJL045W/YMR002W/YKL085W/YPR191W/YER065C/YPL262W/YJL166W/YMR256C/YKL148C/YLR154W-C/YLR174W/YMR081C/YNL037C/YOR355W/YJR121W/YFL018C/YDR031W/YFR049W/YGL226W/YNL117W/YBR010W/YNR001C/YBL030C/YDL067C/YDR148C/YOR136W/YLR395C/YGL191W/YJR048W/YHR001W-A/YKL109W/YPR140W/YPR001W"
"GO:0015695","GO:0015695","organic cation transport",39,-0.571527986365146,-2.02970793271037,0.000556848265079843,0.0069849316357588,0.00548596553435839,857,"tags=41%, list=15%, signal=35%","YOR071C/YBR132C/YPR058W/YIL088C/YKR105C/YGR191W/YLR237W/YGL077C/YOR100C/YEL063C/YHL016C/YNL101W/YPL274W/YMR246W/YDL210W/YOR273C"
"GO:0009144","GO:0009144","purine nucleoside triphosphate metabolic process",56,-0.509725702550934,-1.957389406367,0.00054793062199363,0.0069849316357588,0.00548596553435839,545,"tags=36%, list=9%, signal=33%","YJR009C/YDR050C/YDL021W/YGR240C/YOR347C/YLR446W/YBR196C/YGR254W/YOL056W/YOR344C/YKL152C/YPL075W/YKL060C/YOL136C/YAL038W/YGL253W/YHR174W/YJL116C/YCR012W/YJL052W"
"GO:0019725","GO:0019725","cellular homeostasis",242,-0.325457057808134,-1.54522090441819,0.000554292801294383,0.0069849316357588,0.00548596553435839,934,"tags=26%, list=16%, signal=22%","YPR138C/YGL160W/YOR079C/YJL110C/YKL168C/YNL201C/YIL114C/YMR205C/YLR126C/YOR371C/YKL175W/YLR220W/YGR038W/YER113C/YGR121C/YCL017C/YDR107C/YDL206W/YBR127C/YHL040C/YCR044C/YLL051C/YEL027W/YMR058W/YDR436W/YPL036W/YIL090W/YHR175W/YDR270W/YGR240C/YPL203W/YHR106W/YBR043C/YKR021W/YBR235W/YDL138W/YBR295W/YLR446W/YGR257C/YJR106W/YIR033W/YDR506C/YOL130W/YAL056W/YOL152W/YLR447C/YLR214W/YFL050C/YGL008C/YMR021C/YER132C/YDR089W/YEL065W/YDR492W/YLR023C/YKR034W/YOL002C/YPR194C/YNL142W/YGL253W/YOR381W/YOR384W"
"GO:0044088","GO:0044088","regulation of vacuole organization",26,-0.613124020837255,-1.96095431251777,0.000563179974270467,0.00699642814189849,0.00549499489065516,787,"tags=35%, list=13%, signal=30%","YDL188C/YHL023C/YJR138W/YFR021W/YPL236C/YGR254W/YEL062W/YPR194C/YHR174W"
"GO:0042886","GO:0042886","amide transport",36,-0.578385974495497,-2.04912394097283,0.000609364313554827,0.00749808279155082,0.00588899446884063,857,"tags=39%, list=15%, signal=33%","YOR071C/YNL087W/YLR188W/YHR002W/YBR220C/YLR237W/YEL062W/YKR093W/YIR028W/YCR028C/YHL016C/YPR194C/YJR152W/YJL212C"
"GO:0006614","GO:0006614","SRP-dependent cotranslational protein targeting to membrane",20,0.704224800054663,1.96842328728788,0.000617782482327063,0.00752995252043929,0.00591402495494825,725,"tags=45%, list=12%, signal=40%","YER103W/YNCE0024W/YKL122C/YJL034W/YDR086C/YER019C-A/YLR378C/YDL092W/YAL005C"
"GO:0046474","GO:0046474","glycerophospholipid biosynthetic process",94,-0.417402929477804,-1.7520363667785,0.000640696319043649,0.00773625835705041,0.00607605756574597,1225,"tags=44%, list=21%, signal=35%","YOR311C/YCL004W/YGR007W/YDR434W/YJL062W/YPL175W/YNL054W/YPL076W/YLR305C/YDR017C/YDR287W/YIL039W/YDR437W/YLR386W/YDR147W/YIL002C/YLR088W/YOR149C/YGR046W/YLR459W/YFL025C/YOR109W/YLL031C/YLR240W/YNL169C/YLR133W/YLR347C/YCR044C/YNL264C/YCL052C/YGL142C/YHR123W/YBR029C/YGR149W/YNL130C/YKR031C/YCR017C/YHR046C/YER043C/YKR070W/YGR157W"
"GO:0046034","GO:0046034","ATP metabolic process",49,-0.532505605770885,-1.97844644237938,0.000671899888612096,0.00803791348228545,0.00631297751093627,545,"tags=41%, list=9%, signal=37%","YJR009C/YDR050C/YDL021W/YGR240C/YOR347C/YLR446W/YBR196C/YGR254W/YOL056W/YOR344C/YKL152C/YPL075W/YKL060C/YOL136C/YAL038W/YGL253W/YHR174W/YJL116C/YCR012W/YJL052W"
"GO:0006633","GO:0006633","fatty acid biosynthetic process",31,-0.596959642992,-1.99177062209084,0.000695922966018547,0.00817393156450875,0.00641980611714717,639,"tags=42%, list=11%, signal=38%","YER061C/YKL055C/YDL015C/YMR207C/YNR016C/YMR272C/YIR033W/YPL231W/YKL182W/YJL196C/YHR067W/YPL095C/YGL055W"
"GO:0006352","GO:0006352","DNA-templated transcription initiation",88,0.460299745969287,1.73113886636327,0.000693372780406552,0.00817393156450875,0.00641980611714717,1845,"tags=55%, list=31%, signal=38%","YKL054C/YMR039C/YER159C/YDR174W/YPR052C/YDL005C/YKL160W/YPR025C/YBR089C-A/YLR141W/YOR194C/YGL048C/YJL140W/YNL039W/YNR010W/YMR227C/YDR394W/YDR167W/YMR112C/YBR049C/YGL025C/YDR145W/YGL173C/YBR245C/YOR340C/YKL144C/YBR198C/YGR116W/YGL207W/YJR017C/YOR259C/YGR186W/YPR168W/YNL151C/YBR123C/YPL129W/YMR005W/YOR117W/YMR233W/YDR397C/YMR236W/YML043C/YDR079C-A/YML015C/YER148W/YEL009C/YOL145C/YHR041C"
"GO:0048878","GO:0048878","chemical homeostasis",239,-0.322869947459284,-1.52771975876002,0.000714643897217545,0.00831819743427989,0.00653311253596694,1035,"tags=29%, list=18%, signal=25%","YER125W/YJR033C/YMR116C/YOR270C/YLR253W/YPR138C/YGL160W/YOR079C/YJL110C/YPL031C/YKL168C/YNL201C/YPL109C/YMR205C/YLR126C/YOR371C/YKL175W/YLR220W/YGR038W/YER113C/YNL087W/YGR121C/YCL017C/YAL053W/YDR107C/YDL206W/YLR087C/YBR127C/YHL040C/YCR044C/YLL051C/YEL027W/YMR058W/YDR436W/YPL036W/YIL090W/YHR175W/YDR270W/YGR240C/YPL203W/YBR043C/YKR021W/YAL048C/YBR235W/YDL138W/YBR295W/YLR446W/YGR257C/YJR106W/YIR033W/YDR506C/YOL130W/YAL056W/YOL152W/YLR447C/YLR214W/YFL050C/YGL008C/YMR021C/YDR089W/YEL065W/YDR492W/YLR023C/YKR034W/YOL002C/YNL142W/YGL253W/YOR381W/YOR384W"
"GO:0000096","GO:0000096","sulfur amino acid metabolic process",46,0.565525827159591,1.89366096473226,0.000779798656737663,0.00899553450450946,0.00706509309299912,595,"tags=35%, list=10%, signal=32%","YDR253C/YPR167C/YKL001C/YLR303W/YKR069W/YJR010W/YAL012W/YNL277W/YIR017C/YLL062C/YMR009W/YNL103W/YJR137C/YER052C/YGL184C/YGR204W"
"GO:0044282","GO:0044282","small molecule catabolic process",133,-0.377077883686944,-1.67016851895843,0.000938326308886186,0.0107284742573536,0.00842614403135802,836,"tags=33%, list=14%, signal=29%","YMR205C/YDL080C/YNL202W/YBR006W/YDR539W/YML076C/YOR388C/YDR400W/YOR040W/YEL020C/YHR208W/YGL156W/YEL046C/YPR128C/YGL196W/YOL055C/YIR023W/YJR148W/YDR050C/YER010C/YHR037W/YKR009C/YKL106W/YGR240C/YJR078W/YML070W/YJR019C/YOR363C/YNL239W/YLR044C/YHR046C/YLR142W/YER043C/YOR391C/YFL053W/YGL205W/YLR134W/YBR208C/YLR231C/YCL064C/YFR055W/YPL095C/YGR087C/YPL280W"
"GO:0090407","GO:0090407","organophosphate biosynthetic process",275,-0.309180509636648,-1.49179212306817,0.00109512445297797,0.0124114104670837,0.0097479221853256,1250,"tags=33%, list=21%, signal=28%","YJL167W/YGR061C/YDR020C/YOR311C/YCL004W/YLR359W/YJR156C/YBL039C/YNL333W/YGR007W/YJR133W/YDR434W/YJL062W/YPL175W/YBR221C/YNL054W/YPL076W/YML126C/YLR305C/YDR017C/YFR047C/YDR287W/YIL039W/YDR437W/YLR386W/YDR147W/YIL002C/YLR088W/YOR149C/YGR046W/YBR042C/YLR459W/YMR120C/YPL031C/YJL153C/YFL025C/YDR399W/YMR220W/YOR109W/YAR015W/YMR096W/YLL031C/YLR240W/YER099C/YEL041W/YLR410W/YNL169C/YDR400W/YHR074W/YDR315C/YEL029C/YLR133W/YHL011C/YLR347C/YCR044C/YCL047C/YMR013C/YMR271C/YGR010W/YNL264C/YOL055C/YCL052C/YJR105W/YAL009W/YMR207C/YDR050C/YGL142C/YHR123W/YMR208W/YBR029C/YNR016C/YJR078W/YGR149W/YOL061W/YLR014C/YLR446W/YNL130C/YKR031C/YCR017C/YLR153C/YHR046C/YKL181W/YNR012W/YER043C/YKR070W/YDR123C/YNR043W/YNL129W/YGR157W/YNL141W/YLR231C/YJL116C"
"GO:0043248","GO:0043248","proteasome assembly",33,0.609302578335747,1.91635125083819,0.00116288435939687,0.0130647529768761,0.0102610574138085,996,"tags=45%, list=17%, signal=38%","YPL240C/YDR363W-A/YMR186W/YFR004W/YPR103W/YIL075C/YHR200W/YDL007W/YBR173C/YGL048C/YDR427W/YDR394W/YGR135W/YKL206C/YDL110C"
"GO:0046486","GO:0046486","glycerolipid metabolic process",141,-0.372667205219696,-1.67481810389941,0.00125230868703527,0.0139481277900824,0.0109548600208893,1225,"tags=38%, list=21%, signal=31%","YOR311C/YCL004W/YGR007W/YDR434W/YOR081C/YJL062W/YPL175W/YNL128W/YOL065C/YNL054W/YPL076W/YLR305C/YDR017C/YDR287W/YIL039W/YDR437W/YLR386W/YDR147W/YIL002C/YLR088W/YDR072C/YOR149C/YGR046W/YBR042C/YLR459W/YFL025C/YOR109W/YLL031C/YLR240W/YPL103C/YNL087W/YNL169C/YLR133W/YLR347C/YCR044C/YNL264C/YCL052C/YKL212W/YGL142C/YHR123W/YBR029C/YPL206C/YPL110C/YGR149W/YOR093C/YNL130C/YKR031C/YCR017C/YHR046C/YER043C/YPR147C/YKR070W/YGR157W/YCR068W"
"GO:0042773","GO:0042773","ATP synthesis coupled electron transport",29,0.609297408338575,1.88333023161241,0.00144004081277234,0.0157672265262869,0.0123835802275873,1064,"tags=55%, list=18%, signal=45%","YOR065W/YEL039C/YDR529C/YFR033C/YJL045W/YPR191W/YJL166W/YMR256C/YKL148C/YGL226W/YDL067C/YLR395C/YGL191W/YJR048W/YHR001W-A/YPR140W"
"GO:0042775","GO:0042775","mitochondrial ATP synthesis coupled electron transport",29,0.609297408338575,1.88333023161241,0.00144004081277234,0.0157672265262869,0.0123835802275873,1064,"tags=55%, list=18%, signal=45%","YOR065W/YEL039C/YDR529C/YFR033C/YJL045W/YPR191W/YJL166W/YMR256C/YKL148C/YGL226W/YDL067C/YLR395C/YGL191W/YJR048W/YHR001W-A/YPR140W"
"GO:0042592","GO:0042592","homeostatic process",273,-0.303078821167989,-1.46514839719974,0.0015116546454939,0.0164122504367909,0.0128901820279179,889,"tags=27%, list=15%, signal=24%","YER125W/YJR033C/YMR116C/YOR270C/YLR253W/YPR138C/YGL160W/YOR079C/YJL110C/YPL031C/YKL168C/YNL201C/YIL114C/YPL109C/YMR205C/YLR126C/YOR371C/YKL175W/YLR220W/YGR038W/YER113C/YNL087W/YGR121C/YCL017C/YAL053W/YDR107C/YDL206W/YLR087C/YBR127C/YHL040C/YCR044C/YLL051C/YEL027W/YMR058W/YDR436W/YPL036W/YIL090W/YHR175W/YDR270W/YGR240C/YPL203W/YHR106W/YBR043C/YKR021W/YAL048C/YBR235W/YDL138W/YBR295W/YLR446W/YGR257C/YJR106W/YIR033W/YDR506C/YOL130W/YAL056W/YOL152W/YLR447C/YLR214W/YFL050C/YGL008C/YMR021C/YER132C/YDR089W/YEL065W/YDR492W/YLR023C/YKR034W/YOL002C/YPR194C/YNL142W/YGL253W/YOR381W/YOR384W"
"GO:0000097","GO:0000097","sulfur amino acid biosynthetic process",36,0.586416550762178,1.87541794520179,0.00164902656285472,0.0177545193267358,0.0139444000578241,595,"tags=39%, list=10%, signal=35%","YPR167C/YKL001C/YLR303W/YKR069W/YAL012W/YNL277W/YIR017C/YLL062C/YMR009W/YNL103W/YJR137C/YER052C/YGL184C/YGR204W"
"GO:0006367","GO:0006367","transcription initiation at RNA polymerase II promoter",70,0.489708852747398,1.78101437042091,0.00170200710253092,0.0181734973261979,0.0142734653922558,1845,"tags=56%, list=31%, signal=39%","YKL054C/YMR039C/YER159C/YDR174W/YPR052C/YDL005C/YKL160W/YPR025C/YOR194C/YGL048C/YJL140W/YNR010W/YMR227C/YDR394W/YDR167W/YMR112C/YBR049C/YGL025C/YDR145W/YGL173C/YBR245C/YBR198C/YGR116W/YGL207W/YJR017C/YOR259C/YGR186W/YPR168W/YPL129W/YMR005W/YOR117W/YDR397C/YMR236W/YDR079C-A/YML015C/YER148W/YEL009C/YOL145C/YHR041C"
"GO:0015804","GO:0015804","neutral amino acid transport",20,-0.650612559261686,-1.94658042024031,0.00182255874238956,0.0193011958620271,0.0151591598590469,779,"tags=50%, list=13%, signal=44%","YIL121W/YPR058W/YCR075C/YIL088C/YBR043C/YEL062W/YKR039W/YNL065W/YOR348C/YNL101W"
"GO:0043161","GO:0043161","proteasome-mediated ubiquitin-dependent protein catabolic process",119,0.423360996521086,1.6598464250224,0.00184830945959281,0.0194147627788123,0.015248355319191,1325,"tags=41%, list=23%, signal=33%","YPL106C/YNL007C/YDR363W-A/YBR101C/YBR158W/YJL144W/YFR004W/YOR257W/YPR103W/YIL075C/YOR261C/YGR253C/YHR027C/YPL009C/YBR169C/YHR200W/YDL007W/YNL155W/YFR010W/YFR052W/YOL038W/YBL041W/YGL048C/YBR082C/YDR054C/YBR172C/YGL011C/YDR219C/YAL005C/YDR394W/YGR048W/YOR157C/YFR036W/YEL012W/YGL116W/YGR135W/YEL037C/YDL126C/YER012W/YKR023W/YBL058W/YGR066C/YDR255C/YGL058W/YFR050C/YLL024C/YOR259C/YML092C/YER094C"
"GO:0000722","GO:0000722","telomere maintenance via recombination",35,-0.554424300903006,-1.93082838466519,0.00187850039402863,0.0195727621700403,0.0153724480462106,378,"tags=17%, list=6%, signal=16%","YBR136W/YML133C/YLR466W/YNL339C/YGR296W/YDR545W"
"GO:0009070","GO:0009070","serine family amino acid biosynthetic process",24,0.638238086117713,1.87079238908038,0.00198320930310007,0.0204984513568423,0.0160994843636923,627,"tags=38%, list=11%, signal=34%","YPR167C/YKL001C/YLR303W/YAL012W/YIR017C/YNL103W/YER052C/YIL074C/YFL018C"
"GO:1901657","GO:1901657","glycosyl compound metabolic process",28,-0.603150519834821,-1.96294347777817,0.00200050236091657,0.020513087700827,0.0161109797487349,851,"tags=36%, list=14%, signal=31%","YDR399W/YDR400W/YCL047C/YMR271C/YJR105W/YOL141W/YPL273W/YER043C/YNL129W/YOR047C"
"GO:0015802","GO:0015802","basic amino acid transport",17,-0.697956905662895,-2.01385924775847,0.00212637883434808,0.0215335742042253,0.0169124698817608,724,"tags=59%, list=12%, signal=52%","YCL069W/YOL092W/YIL088C/YKR105C/YGR191W/YDR352W/YDR119W/YEL063C/YGR125W/YMR088C"
"GO:0007033","GO:0007033","vacuole organization",111,-0.389259946236026,-1.67121900202677,0.00213661547483522,0.0215335742042253,0.0169124698817608,1327,"tags=37%, list=23%, signal=29%","YNL298W/YLR148W/YOR246C/YPL019C/YPL045W/YDR135C/YLR431C/YNL054W/YNL323W/YPL149W/YHL007C/YDL149W/YFL004W/YHR171W/YKL051W/YDR108W/YPL166W/YLL015W/YBR080C/YNL242W/YLR396C/YDL188C/YLR240W/YIL048W/YHL023C/YOR233W/YEL027W/YBR097W/YGL212W/YJR138W/YFR021W/YMR231W/YPL236C/YGR071C/YOR093C/YLR173W/YGR254W/YEL062W/YAL040C/YPR194C/YHR174W"
"GO:0141124","GO:0141124","intracellular signaling cassette",128,-0.36853743533868,-1.62738578329191,0.00215002404980268,0.0215335742042253,0.0169124698817608,1445,"tags=39%, list=25%, signal=30%","YHR182W/YLR229C/YJL085W/YJL005W/YDR162C/YNL298W/YIL113W/YMR055C/YLR310C/YNL053W/YOR127W/YGL195W/YGR040W/YDR103W/YNL128W/YLR425W/YPR095C/YHL007C/YOL113W/YPL031C/YLR362W/YOR371C/YDR379W/YKR055W/YBR140C/YDR466W/YDL073W/YOR008C/YJR031C/YOR171C/YHL023C/YDL206W/YOR360C/YNR031C/YEL022W/YDR006C/YLR371W/YJR138W/YKL203C/YER155C/YCR027C/YCL032W/YLR422W/YPL115C/YPL203W/YAL048C/YCR073C/YER136W/YER075C/YAL056W"
"GO:0098771","GO:0098771","inorganic ion homeostasis",111,-0.388568741944228,-1.66825143817155,0.00218841158697469,0.0217494443874716,0.0170820143307174,818,"tags=31%, list=14%, signal=27%","YKL175W/YLR220W/YER113C/YCL017C/YAL053W/YDR107C/YDL206W/YBR127C/YHL040C/YCR044C/YLL051C/YEL027W/YMR058W/YDR436W/YIL090W/YHR175W/YDR270W/YBR235W/YGR257C/YJR106W/YIR033W/YDR506C/YOL130W/YOL152W/YLR214W/YFL050C/YMR021C/YDR089W/YEL065W/YDR492W/YLR023C/YOL002C/YOR381W/YOR384W"
"GO:0015791","GO:0015791","polyol transmembrane transport",15,0.713972932215288,1.8475392469188,0.0022871085201578,0.0223859409700294,0.0175819187674013,162,"tags=27%, list=3%, signal=26%","YJR158W/YEL069C/YNR072W/YDR536W"
"GO:1901135","GO:1901135","carbohydrate derivative metabolic process",309,-0.286632095506415,-1.4012154240979,0.00227382550325468,0.0223859409700294,0.0175819187674013,1615,"tags=39%, list=27%, signal=30%","YBL020W/YIL085C/YBR023C/YLR070C/YBR004C/YLR213C/YDR530C/YBR199W/YNL158W/YDR414C/YKR043C/YMR237W/YGR227W/YOR163W/YJL186W/YDL185W/YDL093W/YEL004W/YHR204W/YLR420W/YNL219C/YNL048W/YIL014W/YJL005W/YJL183W/YGR192C/YEL058W/YER096W/YLR354C/YMR323W/YGR061C/YOR299W/YDR020C/YLR020C/YLR359W/YLR057W/YBL039C/YNL333W/YJR133W/YDR434W/YJL062W/YPL175W/YPL076W/YJR075W/YOL059W/YDR221W/YOR393W/YOR336W/YIL039W/YDR437W/YDR371W/YLR088W/YBL082C/YDR072C/YOR149C/YGL027C/YOR320C/YDR483W/YLR459W/YMR120C/YFL025C/YDR399W/YMR205C/YAR015W/YLL031C/YER099C/YKR027W/YDR400W/YML019W/YHL011C/YNL029C/YBR127C/YCR044C/YCL047C/YGR256W/YMR013C/YJR061W/YMR271C/YNR059W/YJL139C/YCL052C/YJR009C/YJR105W/YOL141W/YER005W/YDR050C/YGL142C/YPL273W/YDL021W/YOR002W/YGR240C/YML070W/YOR347C/YOL061W/YGL257C/YLR446W/YCR017C/YBR196C/YKL181W/YNR012W/YGR254W/YOL056W/YOR067C/YER043C/YOR344C/YGR036C/YFL053W/YKL152C/YPL075W/YKL060C/YNL129W/YOL136C/YHR183W/YAL038W/YGL253W/YHR174W/YOR047C/YJL116C/YCR012W/YJL052W"
"GO:0045017","GO:0045017","glycerolipid biosynthetic process",98,-0.392496698398621,-1.65629936928949,0.00244565590549045,0.0237578002247643,0.0186593770707779,1225,"tags=42%, list=21%, signal=34%","YOR311C/YCL004W/YGR007W/YDR434W/YJL062W/YPL175W/YNL054W/YPL076W/YLR305C/YDR017C/YDR287W/YIL039W/YDR437W/YLR386W/YDR147W/YIL002C/YLR088W/YOR149C/YGR046W/YLR459W/YFL025C/YOR109W/YLL031C/YLR240W/YNL169C/YLR133W/YLR347C/YCR044C/YNL264C/YCL052C/YGL142C/YHR123W/YBR029C/YGR149W/YNL130C/YKR031C/YCR017C/YHR046C/YER043C/YKR070W/YGR157W"
"GO:0006826","GO:0006826","iron ion transport",42,-0.512392194257626,-1.85129352812005,0.00252867493905587,0.0243809553825387,0.019148803152002,645,"tags=48%, list=11%, signal=43%","YPL224C/YLR034C/YLR047C/YHR050W/YKR052C/YGL160W/YLR220W/YHL040C/YLL051C/YMR058W/YAL048C/YDR506C/YOL152W/YLR214W/YEL065W/YOR382W/YMR319C/YOR381W/YOR383C/YOR384W"
"GO:0009156","GO:0009156","ribonucleoside monophosphate biosynthetic process",38,-0.528752253349051,-1.87808832287323,0.00270418087171644,0.0258800124907974,0.0203261626536815,1242,"tags=42%, list=21%, signal=33%","YGR061C/YDR020C/YLR359W/YNL333W/YJR133W/YMR120C/YDR399W/YAR015W/YER099C/YHL011C/YMR271C/YJR105W/YOL061W/YKL181W/YNR012W/YNL141W"
"GO:1990822","GO:1990822","basic amino acid transmembrane transport",16,-0.684503535976061,-1.94010373604908,0.00274484937669815,0.0260760690786324,0.0204801455041565,724,"tags=56%, list=12%, signal=49%","YCL069W/YOL092W/YIL088C/YKR105C/YDR352W/YDR119W/YEL063C/YGR125W/YMR088C"
"GO:0042254","GO:0042254","ribosome biogenesis",475,0.305931764661938,1.39899334624377,0.00296917049596101,0.0280012283268731,0.0219921656404642,1777,"tags=38%, list=30%, signal=29%","YLL046C/YHR087W/YDR432W/YLR068W/YNCD0030W/YKL009W/YNL147W/YLR438C-A/YBR279W/YPR143W/YNCO0015C/YER131W/YNCE0003W/YKL032C/YLR204W/YNCL0046W/YER002W/YJR113C/YNL308C/YJL136C/YNCM0016W/YDR447C/YGL029W/YLR192C/YOR310C/YLR175W/YGL078C/YDR500C/YNR024W/YLR009W/YFR001W/YER146W/YPL146C/YLR197W/YGR285C/YKL172W/YLR293C/YMR269W/YPR169W/YNCL0042C/YGR103W/YDR156W/YER112W/YCR016W/YKL082C/YNCP0015C/YNR037C/YMR230W/YGR280C/YGR271C-A/YLR185W/YNCJ0003C/YDL213C/YNL002C/YDL208W/YDR299W/YOR078W/YLR074C/YJL148W/YIL052C/YHR065C/YLR145W/YHR081W/YOR206W/YIL063C/YNR054C/YLR059C/YKL186C/YBR189W/YDR083W/YGL189C/YNCL0003W/YMR014W/YOL144W/YLR167W/YFL002C/YNL113W/YER056C-A/YNL110C/YOR185C/YDL136W/YNCP0014C/YDL148C/YOR201C/YHR034C/YNCG0014C/YOR167C/YBR257W/YNL227C/YGR251W/YHR196W/YLR387C/YML093W/YGL173C/YOR340C/YOR119C/YNCK0001W/YFR031C-A/YDL031W/YHR088W/YDL014W/YBR154C/YFL023W/YPL043W/YLR051C/YGR276C/YPL239W/YNCG0026W/YNCJ0004C/YBL026W/YHR066W/YLR264W/YDR365C/YMR143W/YGR081C/YDL166C/YKR094C/YNCP0013C/YDR060W/YNCP0021W/YOR293W/YNCL0043C/YER082C/YER074W/YGR085C/YAL035W/YLL011W/YKL006W/YLR221C/YDL191W/YLR075W/YCL054W/YLR276C/YHR072W-A/YJL041W/YLR340W/YDR412W/YDR361C/YLR196W/YPR132W/YLR435W/YDR159W/YOL121C/YPL183W-A/YDR339C/YNCK0015C/YMR128W/YHR052W/YIL096C/YDL153C/YLR344W/YOR210W/YHR143W-A/YNCP0003W/YIL070C/YLL008W/YNL302C/YGR095C/YNCL0041C/YDR064W/YPR041W/YNCN0014W/YIL137C/YIL115C/YKR057W/YNCG0024W/YBR142W/YML073C/YBR267W/YGL099W/YMR049C/YNL096C/YOR287C/YNCE0020C/YLL034C/YNCC0003C/YPL143W/YHL015W/YOL041C/YEL026W"
"GO:1901606","GO:1901606","alpha-amino acid catabolic process",40,-0.519548063389917,-1.83672948653418,0.00307959848662363,0.0288321829327372,0.0226447974149899,634,"tags=35%, list=11%, signal=31%","YEL046C/YGL196W/YHR037W/YKL106W/YJR078W/YNL239W/YLR044C/YLR142W/YER043C/YLR134W/YLR231C/YCL064C/YFR055W/YGR087C"
"GO:0051084","GO:0051084","'de novo' post-translational protein folding",24,0.624818552082047,1.83145728407021,0.00316999178598767,0.0294649596222738,0.0231417802475737,725,"tags=33%, list=12%, signal=29%","YER103W/YLL026W/YNL007C/YOR020C/YJL034W/YFL016C/YJR045C/YAL005C"
"GO:0006568","GO:0006568","L-tryptophan metabolic process",16,-0.676882517067811,-1.91850331109976,0.0036385055652198,0.0328737705612865,0.0258190604701648,403,"tags=31%, list=7%, signal=29%","YJR078W/YLR044C/YLR134W/YLR231C/YGR087C"
"GO:0006586","GO:0006586","indolalkylamine metabolic process",16,-0.676882517067811,-1.91850331109976,0.0036385055652198,0.0328737705612865,0.0258190604701648,403,"tags=31%, list=7%, signal=29%","YJR078W/YLR044C/YLR134W/YLR231C/YGR087C"
"GO:0042430","GO:0042430","indole-containing compound metabolic process",16,-0.676882517067811,-1.91850331109976,0.0036385055652198,0.0328737705612865,0.0258190604701648,403,"tags=31%, list=7%, signal=29%","YJR078W/YLR044C/YLR134W/YLR231C/YGR087C"
"GO:0030003","GO:0030003","intracellular monoatomic cation homeostasis",149,-0.344046461343706,-1.55990782839021,0.00356365070613396,0.0328737705612865,0.0258190604701648,926,"tags=28%, list=16%, signal=24%","YGL160W/YOR079C/YKL168C/YMR205C/YLR126C/YKL175W/YLR220W/YER113C/YCL017C/YDR107C/YDL206W/YBR127C/YHL040C/YCR044C/YLL051C/YEL027W/YMR058W/YDR436W/YPL036W/YIL090W/YHR175W/YDR270W/YGR240C/YKR021W/YBR295W/YGR257C/YJR106W/YIR033W/YDR506C/YOL130W/YOL152W/YLR447C/YLR214W/YFL050C/YGL008C/YMR021C/YEL065W/YDR492W/YLR023C/YOL002C/YOR381W/YOR384W"
"GO:0010499","GO:0010499","proteasomal ubiquitin-independent protein catabolic process",17,0.668846669023241,1.79472096976134,0.00378110037706785,0.0336909081873907,0.0264608403883369,1325,"tags=76%, list=23%, signal=59%","YPL106C/YPR103W/YGR253C/YBR169C/YOL038W/YBL041W/YGL011C/YOR157C/YGR135W/YER012W/YFR050C/YML092C/YER094C"
"GO:0070972","GO:0070972","protein localization to endoplasmic reticulum",58,0.494637829193037,1.72741559957559,0.00375512739195068,0.0336909081873907,0.0264608403883369,1328,"tags=41%, list=23%, signal=32%","YER103W/YNCE0024W/YKL122C/YJL034W/YKL065C/YMR040W/YKL073W/YDR086C/YER019C-A/YLR378C/YDL092W/YML055W/YAL005C/YKL154W/YDL072C/YJR117W/YAL007C/YBL040C/YML105C/YGL200C/YBR171W/YLL024C/YPL210C/YDL100C"
"GO:0009116","GO:0009116","nucleoside metabolic process",23,-0.605646255282973,-1.88637138581913,0.00386868758410125,0.0340828167360934,0.02676864537526,851,"tags=39%, list=14%, signal=34%","YDR399W/YDR400W/YCL047C/YMR271C/YJR105W/YPL273W/YER043C/YNL129W/YOR047C"
"GO:0006066","GO:0006066","alcohol metabolic process",131,-0.34836278227525,-1.54016279925703,0.00387784369984964,0.0340828167360934,0.02676864537526,873,"tags=36%, list=15%, signal=31%","YMR226C/YJL153C/YMR220W/YHR190W/YLR228C/YDL080C/YGL256W/YBR145W/YPL103C/YMR318C/YOR171C/YAL061W/YLR410W/YDR315C/YNL280C/YHR079C/YOL055C/YDR050C/YMR208W/YML070W/YGL012W/YDL085W/YCR048W/YMR202W/YLR450W/YLR044C/YHR046C/YLR100W/YPR121W/YOL086C/YHR072W/YPL028W/YFL053W/YNR043W/YMR303C/YLR134W/YHR007C/YGL001C/YGR175C/YLR056W/YIL053W/YGR144W/YML075C/YGR060W/YMR015C/YCR105W/YGR087C"
"GO:0034655","GO:0034655","nucleobase-containing compound catabolic process",233,-0.311674306665079,-1.46664142977335,0.00419440516937962,0.0366160235056654,0.028758226054637,1464,"tags=35%, list=25%, signal=27%","YJL050W/YOR163W/YOR330C/YAL033W/YMR125W/YLR136C/YKL149C/YDR319C/YGR192C/YNL282W/YDR481C/YNR052C/YJL047C/YKR096W/YGL094C/YCR093W/YMR323W/YJL209W/YML118W/YOR001W/YKR084C/YJR091C/YDR293C/YNL197C/YOR393W/YJL087C/YER125W/YDL102W/YMR116C/YIL151C/YDR370C/YOL072W/YPL042C/YMR205C/YKL208W/YBL105C/YMR080C/YDR400W/YDR315C/YBR170C/YPR042C/YPL123C/YBL055C/YJR009C/YLR233C/YDR206W/YER005W/YDR050C/YDL021W/YBR242W/YNL112W/YGR240C/YER049W/YPL029W/YGL101W/YPR164W/YJR119C/YOR347C/YOR166C/YLR363C/YNL023C/YBR212W/YLR446W/YAL021C/YBR196C/YIR033W/YGR254W/YOL056W/YER043C/YHR202W/YOR344C/YKL152C/YPL075W/YKL060C/YOL136C/YAL038W/YGR122W/YGL253W/YHR174W/YCR012W/YJL052W"
"GO:0009161","GO:0009161","ribonucleoside monophosphate metabolic process",41,-0.507990687183185,-1.81431613396243,0.00430123352841827,0.0372966021390363,0.029292752535466,1242,"tags=39%, list=21%, signal=31%","YGR061C/YDR020C/YLR359W/YNL333W/YJR133W/YMR120C/YDR399W/YAR015W/YER099C/YHL011C/YMR271C/YJR105W/YOL061W/YKL181W/YNR012W/YNL141W"
"GO:0019646","GO:0019646","aerobic electron transport chain",28,0.606898700171994,1.85476249327334,0.00434440155948439,0.0374197787656922,0.0293894954620558,1044,"tags=54%, list=18%, signal=44%","YOR065W/YEL039C/YDR529C/YFR033C/YJL045W/YPR191W/YJL166W/YMR256C/YKL148C/YGL226W/YDL067C/YLR395C/YGL191W/YJR048W/YHR001W-A"
"GO:0006643","GO:0006643","membrane lipid metabolic process",87,-0.394863628860021,-1.63121945096361,0.00480350767302043,0.0411002113479628,0.0322801073321136,1172,"tags=47%, list=20%, signal=38%","YBR036C/YJL134W/YBR159W/YJR013W/YCL005W/YBR004C/YER093C/YNL158W/YOR365C/YMR160W/YDR434W/YJL062W/YPL175W/YHL003C/YPL076W/YIL039W/YDR437W/YPL221W/YLR088W/YDR072C/YOR149C/YLR459W/YBR265W/YFL025C/YGR038W/YLL031C/YOR171C/YAL053W/YCR044C/YCL052C/YER005W/YGL142C/YHR205W/YMR272C/YKL008C/YJR066W/YGR143W/YCR017C/YGL139W/YPL006W/YJL196C"
"GO:0170035","GO:0170035","L-amino acid catabolic process",33,-0.544556980833934,-1.84935974550397,0.00497279763417125,0.0422150850041491,0.0331557291380151,461,"tags=36%, list=8%, signal=34%","YEL046C/YHR037W/YKL106W/YJR078W/YLR044C/YLR142W/YER043C/YLR134W/YLR231C/YCL064C/YFR055W/YGR087C"
"GO:0006112","GO:0006112","energy reserve metabolic process",44,0.524323436701247,1.75210538026575,0.00499915480312292,0.0422150850041491,0.0331557291380151,762,"tags=32%, list=13%, signal=28%","YER067W/YFR015C/YIL057C/YMR105C/YER054C/YMR311C/YEL011W/YKR058W/YFR003C/YJL137C/YLR258W/YFR017C/YPR184W/YOR178C"
"GO:0051085","GO:0051085","chaperone cofactor-dependent protein refolding",16,0.7014776329778,1.85168658769352,0.00504433736072503,0.0423200251302386,0.0332381491164657,725,"tags=50%, list=12%, signal=44%","YER103W/YLL026W/YNL007C/YOR020C/YJL034W/YFL016C/YJR045C/YAL005C"
"GO:0072525","GO:0072525","pyridine-containing compound biosynthetic process",31,-0.529897988139346,-1.76801775106786,0.00508050838000384,0.0423484956578385,0.0332605098697705,1395,"tags=48%, list=24%, signal=37%","YMR095C/YFL060C/YNL333W/YFR047C/YMR096W/YEL041W/YDR400W/YHR074W/YEL029C/YCL047C/YGR010W/YJR078W/YNL129W/YLR231C/YOR047C"
"GO:0072741","GO:0072741","protein localization to cell division site",15,0.688547107279516,1.78174514278047,0.00537922793017454,0.0445510415755482,0.0349903895053189,922,"tags=47%, list=16%, signal=39%","YMR032W/YMR001C/YPL158C/YDR507C/YDR388W/YHR023W/YGR092W"
"GO:0009086","GO:0009086","methionine biosynthetic process",32,0.56112242398615,1.76103460329482,0.00544103790810301,0.0447759297915228,0.0351670167174743,595,"tags=38%, list=10%, signal=34%","YPR167C/YKL001C/YLR303W/YKR069W/YNL277W/YIR017C/YLL062C/YMR009W/YNL103W/YER052C/YGL184C/YGR204W"
"GO:0019751","GO:0019751","polyol metabolic process",43,0.508363082703642,1.69266740593522,0.00551398667511665,0.0450890555965235,0.0354129457349264,78,"tags=14%, list=1%, signal=14%","YEL070W/YNR073C/YPL201C/YJR159W/YIL155C/YHL032C"
"GO:0009060","GO:0009060","aerobic respiration",87,0.430654254454734,1.62118692375782,0.00560362136250664,0.0455338289330728,0.035762270727947,1067,"tags=41%, list=18%, signal=34%","YOR065W/YPL271W/YMR030W/YEL039C/YDR529C/YFR033C/YJL045W/YMR002W/YKL085W/YPR191W/YER065C/YPL262W/YJL166W/YMR256C/YKL148C/YLR174W/YMR081C/YNL037C/YOR355W/YJR121W/YDR031W/YFR049W/YGL226W/YNL117W/YBR010W/YNR001C/YBL030C/YDL067C/YDR148C/YOR136W/YLR395C/YGL191W/YJR048W/YHR001W-A/YPR140W/YPR001W"
"GO:0046488","GO:0046488","phosphatidylinositol metabolic process",77,-0.408689193352799,-1.6658791481534,0.00576446712003484,0.0465480719942814,0.0365588572612736,1172,"tags=40%, list=20%, signal=33%","YDR434W/YJL062W/YPL175W/YNL128W/YOL065C/YNL054W/YPL076W/YLR305C/YDR017C/YDR287W/YIL039W/YDR437W/YLR386W/YIL002C/YLR088W/YDR072C/YOR149C/YBR042C/YLR459W/YFL025C/YOR109W/YLL031C/YLR240W/YNL087W/YCR044C/YCL052C/YKL212W/YGL142C/YBR029C/YCR017C/YHR046C"
"GO:0009410","GO:0009410","response to xenobiotic stimulus",26,-0.543313135021737,-1.73767818411933,0.00580677321491454,0.0465984533768297,0.036598426800769,939,"tags=35%, list=16%, signal=29%","YPL133C/YOR380W/YLR397C/YNL264C/YDR406W/YGL254W/YLR299W/YEL062W/YCR106W"
"GO:0030258","GO:0030258","lipid modification",40,-0.504004669645354,-1.78177978770328,0.00598500142557977,0.0477322335916609,0.0374888978184464,1929,"tags=62%, list=33%, signal=42%","YIL160C/YDR503C/YKL188C/YOR180C/YJL134W/YJR110W/YNL106C/YLR189C/YOR175C/YAL051W/YNL128W/YOL065C/YLR284C/YNL009W/YIL002C/YOR109W/YDR284C/YNL087W/YEL020C/YPR128C/YKL212W/YKR009C/YJR019C/YOR363C/YGL205W"
"GO:0016042","GO:0016042","lipid catabolic process",67,-0.425386554583339,-1.68487408172597,0.00613759352991467,0.0485280513829509,0.0381139331376606,1381,"tags=39%, list=24%, signal=30%","YDR319C/YMR008C/YDR275W/YAL051W/YLR020C/YOR081C/YDL109C/YLR284C/YNL009W/YLL012W/YJR107W/YNL202W/YPL103C/YEL020C/YPR128C/YGL144C/YKR009C/YPL206C/YPL110C/YJR019C/YOR363C/YKR031C/YPR147C/YGL205W/YCR068W/YPL095C"
"GO:0019941","GO:0019941","modification-dependent protein catabolic process",191,0.353348723208314,1.49425809391427,0.00615990745108665,0.0485280513829509,0.0381139331376606,1325,"tags=35%, list=23%, signal=28%","YNR075W/YPL106C/YNL007C/YDR363W-A/YBR101C/YKL054C/YBR158W/YJL144W/YFR004W/YOR257W/YPR103W/YIL075C/YOR261C/YGR253C/YHR027C/YPL009C/YBR169C/YHR200W/YDL007W/YNL155W/YFR010W/YBR173C/YFR052W/YMR276W/YOL038W/YBR114W/YBL041W/YGL048C/YBR082C/YDR054C/YBR172C/YGL011C/YDR427W/YDR273W/YDR219C/YDR177W/YAL005C/YDR394W/YGR048W/YDR002W/YDR358W/YOR157C/YLR167W/YBR290W/YHL002W/YFR036W/YEL012W/YGL116W/YGR135W/YEL037C/YDL126C/YER012W/YER021W/YKR023W/YDR139C/YBL058W/YGR066C/YDR255C/YGL058W/YFR050C/YKR094C/YLL024C/YJR017C/YMR100W/YOR259C/YML092C/YER094C"
